seed,n_flowers,wind_strength,wind_direction_deg,randomness,actual,actual_steps,model_top,model_confidence,model_correct,model_p_actual,model_brier,model_position_error,model_latency_s,constant_velocity_top,constant_velocity_confidence,constant_velocity_correct,constant_velocity_p_actual,constant_velocity_brier,constant_velocity_position_error,constant_velocity_latency_s,nearest_flower_top,nearest_flower_confidence,nearest_flower_correct,nearest_flower_p_actual,nearest_flower_brier,nearest_flower_position_error,nearest_flower_latency_s
0,6,11.77434048079613,344.59566465994686,0.23388761100924813,no_landing_within_horizon,,no_landing_within_horizon,0.65,True,0.65,0.18999999999999997,,0.005294500006129965,no_landing_within_horizon,1.0,True,1.0,0.0,,1.3700002455152571e-05,C,1.0,False,0.0,2.0,,8.700008038431406e-06
1,4,6.494722266569211,99.68083345633349,0.2445868078976142,A,43,A,0.95,True,0.95,0.0050000000000000044,0.5449113355111052,0.0038446999969892204,A,1.0,True,1.0,0.0,1.3717715552637928,8.90000956133008e-06,A,1.0,True,1.0,0.0,2.1142621295283943,5.3000112529844046e-06
2,6,4.886332301755283,70.6211683085779,0.25459931357365106,F,27,F,0.95,True,0.95,0.0050000000000000044,0.7794738620323883,0.0030329000001074746,no_landing_within_horizon,1.0,False,0.0,2.0,,6.800008122809231e-06,E,1.0,False,0.0,2.0,19.90258637074184,5.4000120144337416e-06
3,6,2.5642466331665776,196.19376532488147,0.7353631386881982,F,52,E,0.55,False,0.0,1.365,36.55831616908008,0.004474900008062832,no_landing_within_horizon,1.0,False,0.0,2.0,,7.099995855242014e-06,E,1.0,False,0.0,2.0,35.98910916096166,6.300004315562546e-06
4,5,8.45837694677691,339.40932448650017,0.699091675269178,E,47,E,0.75,True,0.75,0.125,1.243294982943603,0.00767170000472106,E,1.0,True,1.0,0.0,3.5227466164786647,1.0500007192604244e-05,E,1.0,True,1.0,0.0,2.7056543388219363,5.699999746866524e-06
5,5,8.15017839625638,313.2318608379012,0.3045866726448173,C,18,C,0.75,True,0.75,0.125,0.7429434812023014,0.0028778999985661358,C,1.0,True,1.0,0.0,5.381095433184755,7.599999662488699e-06,C,1.0,True,1.0,0.0,2.6546161877699244,4.699992132373154e-06
6,4,9.924036309828644,282.67594535749373,0.14327513830229185,C,46,no_landing_within_horizon,0.5,False,0.45,0.555,,0.005265899992082268,no_landing_within_horizon,1.0,False,0.0,2.0,,6.700007361359894e-06,C,1.0,True,1.0,0.0,2.2805942798936893,6.200003554113209e-06
7,6,10.473710502777292,123.91584011856943,0.6312618840607432,F,24,F,0.65,True,0.65,0.21499999999999997,0.34060872669111414,0.005223700005444698,no_landing_within_horizon,1.0,False,0.0,2.0,,6.700007361359894e-06,B,1.0,False,0.0,2.0,17.51734583278498,5.999987479299307e-06
8,5,5.31678433038653,235.19327677231308,0.3651564251947482,C,33,C,0.7,True,0.7,0.12500000000000003,0.9160218684312257,0.004756800000905059,no_landing_within_horizon,1.0,False,0.0,2.0,,6.499991286545992e-06,E,1.0,False,0.0,2.0,24.219874816812627,5.1000097300857306e-06
9,4,3.8515694126916786,68.15952699416314,0.6363575990083298,no_landing_within_horizon,,D,0.7,False,0.15,1.2349999999999999,,0.003952300001401454,D,1.0,False,0.0,2.0,,5.900001269765198e-06,A,1.0,False,0.0,2.0,,3.9000005926936865e-06
10,6,3.3302947134318677,164.72121566195804,0.7073610595116522,B,28,B,0.6,True,0.6,0.23000000000000004,0.4162581470363677,0.005215400000452064,no_landing_within_horizon,1.0,False,0.0,2.0,,6.300004315562546e-06,E,1.0,False,0.0,2.0,17.049941293844263,5.299996701069176e-06
11,3,4.427917484757492,184.10040784917456,0.6965586572651193,A,35,A,0.8,True,0.8,0.06499999999999997,1.295565267357147,0.005148299998836592,no_landing_within_horizon,1.0,False,0.0,2.0,,7.299997378140688e-06,A,1.0,True,1.0,0.0,1.8416041511545207,4.8000074457377195e-06
12,5,0.7722683510833774,337.21060497448815,0.6843163321490278,A,33,A,0.3,True,0.3,0.615,0.9540257075474846,0.006118600009358488,D,1.0,False,0.0,2.0,31.40230039626171,9.60000033956021e-06,A,1.0,True,1.0,0.0,1.645744129826814,6.100002792663872e-06
13,6,9.158007376277912,173.5212005478452,0.5808830224975629,B,29,B,0.85,True,0.85,0.045000000000000005,1.0174899942129205,0.008489899992127903,no_landing_within_horizon,1.0,False,0.0,2.0,,1.0400006431154907e-05,B,1.0,True,1.0,0.0,2.964296023518846,7.800001185387373e-06
14,3,4.785106141535296,182.58571091596446,0.30584856498726165,A,24,A,0.85,True,0.85,0.03500000000000001,0.5382605170986262,0.005796900004497729,A,1.0,True,1.0,0.0,2.6955010859562645,9.900002623908222e-06,A,1.0,True,1.0,0.0,1.5151612300141457,6.000002031214535e-06
15,6,5.618996182644768,150.24579624528187,0.9095715174125841,C,18,C,0.85,True,0.85,0.045000000000000005,1.3895132344635073,0.006004199996823445,no_landing_within_horizon,1.0,False,0.0,2.0,,8.600007276982069e-06,C,1.0,True,1.0,0.0,2.835768025442213,7.000009645707905e-06
16,5,7.959543203918404,58.8917384360053,0.4554195825481029,E,46,E,0.5,True,0.5,0.39499999999999996,1.048432739870913,0.006114099989645183,no_landing_within_horizon,1.0,False,0.0,2.0,,7.499998901039362e-06,E,1.0,True,1.0,0.0,2.6195985908821617,6.400005077011883e-06
17,5,6.810477757781335,219.36244933623726,0.10623392156284141,C,23,C,0.75,True,0.75,0.095,0.8303027929714912,0.009267500005080365,D,1.0,False,0.0,2.0,50.52360396982074,1.1299998732283711e-05,C,1.0,True,1.0,0.0,2.5277047830823762,6.89999433234334e-06
18,6,7.796585081695991,145.54174026600276,0.28303934818985094,D,11,D,0.95,True,0.95,0.0050000000000000044,0.3707735781739152,0.004911700001684949,D,1.0,True,1.0,0.0,4.572356720527879,1.0399991879239678e-05,D,1.0,True,1.0,0.0,1.5732208402183407,6.200003554113209e-06
19,5,10.12920149809371,74.82861702623615,0.4488426318025951,C,48,C,0.6,True,0.6,0.22500000000000003,0.6938483821310517,0.007497799990233034,no_landing_within_horizon,1.0,False,0.0,2.0,,9.199997293762863e-06,B,1.0,False,0.0,2.0,61.27483369142721,7.499998901039362e-06
20,6,5.356659914193977,109.40693681114166,0.1359090651890614,F,58,D,0.7,False,0.0,1.525,30.174388940091152,0.009226399997714907,no_landing_within_horizon,1.0,False,0.0,2.0,,1.5199999324977398e-05,D,1.0,False,0.0,2.0,29.93929316702774,1.2200005585327744e-05
21,4,11.912899532839115,75.41477064233827,0.86847381866128,C,36,C,0.8,True,0.8,0.06499999999999997,1.4976661584057327,0.009645400001318194,no_landing_within_horizon,1.0,False,0.0,2.0,,9.099996532313526e-06,C,1.0,True,1.0,0.0,1.634582082171745,6.499991286545992e-06
22,6,9.569211696296787,203.45486526214856,0.6317190120670866,B,33,B,0.6,True,0.6,0.23500000000000004,0.5337698973410473,0.008456499999738298,no_landing_within_horizon,1.0,False,0.0,2.0,,9.399998816661537e-06,B,1.0,True,1.0,0.0,2.559267953418,6.89999433234334e-06
23,3,3.61743935519613,140.06763118461663,0.5862680374000311,B,20,B,0.9,True,0.9,0.014999999999999996,0.6461918678765796,0.007423400005791336,B,1.0,True,1.0,0.0,3.9341537273619407,9.899988071992993e-06,B,1.0,True,1.0,0.0,1.2699415767586666,6.300004315562546e-06
24,4,4.539271736866933,63.376318011196936,0.6783407623117689,B,27,B,0.7,True,0.7,0.14000000000000004,0.7649072094721622,0.004843899994739331,no_landing_within_horizon,1.0,False,0.0,2.0,,6.100002792663872e-06,A,1.0,False,0.0,2.0,20.884336675385352,6.100002792663872e-06
25,5,3.3435873019196882,148.90806408494683,0.43846377077586074,A,33,A,1.0,True,1.0,0.0,0.3170686195147465,0.004782000003615394,no_landing_within_horizon,1.0,False,0.0,2.0,,8.199989679269493e-06,B,1.0,False,0.0,2.0,33.312095059091604,6.300004315562546e-06
26,6,2.8841119094255845,330.21916975223036,0.756073977380123,A,47,F,0.6,False,0.1,1.205,24.863844582332817,0.003977999993367121,no_landing_within_horizon,1.0,False,0.0,2.0,,5.800000508315861e-06,F,1.0,False,0.0,2.0,23.821847970557023,5.399997462518513e-06
27,3,5.228160990368058,125.58276801829722,0.9099503751987418,B,35,B,0.85,True,0.85,0.045000000000000005,1.462394073443656,0.010806899997987784,no_landing_within_horizon,1.0,False,0.0,2.0,,9.200011845678091e-06,B,1.0,True,1.0,0.0,1.8706593360940087,8.000002708286047e-06
28,5,7.465542121636354,6.044254411182268,0.23380563549858335,B,26,B,0.95,True,0.95,0.0050000000000000044,0.35201627466643626,0.0033072999940486625,no_landing_within_horizon,1.0,False,0.0,2.0,,6.000002031214535e-06,B,1.0,True,1.0,0.0,1.9861083282577918,4.7000066842883825e-06
29,6,2.4417084198539083,54.285214061693885,0.11891869119811678,F,15,F,0.95,True,0.95,0.0050000000000000044,0.057654559303699005,0.004194900000584312,F,1.0,True,1.0,0.0,3.0414925569078295,8.799994247965515e-06,F,1.0,True,1.0,0.0,0.377161253627947,5.49999822396785e-06
30,3,3.002076074971377,231.87987964156397,0.9120864871105749,B,48,A,0.65,False,0.2,1.0750000000000002,33.00239287984854,0.005774700010078959,no_landing_within_horizon,1.0,False,0.0,2.0,,5.699999746866524e-06,A,1.0,False,0.0,2.0,32.626280131092805,4.999994416721165e-06
31,5,5.092696295868924,37.34743494427242,0.35637138895516984,B,43,B,0.6,True,0.6,0.26,0.9833950293411928,0.004689599998528138,no_landing_within_horizon,1.0,False,0.0,2.0,,6.400005077011883e-06,B,1.0,True,1.0,0.0,2.4368105541211373,5.3000112529844046e-06
32,6,1.9944972289870324,14.440640145171027,0.2216571179184037,F,27,F,0.9,True,0.9,0.014999999999999996,0.6696193414702196,0.007609699998283759,no_landing_within_horizon,1.0,False,0.0,2.0,,1.309999788645655e-05,B,1.0,False,0.0,2.0,30.428613119148817,9.700001101009548e-06
33,6,11.186764319146532,145.27149978056005,0.2886056773352621,no_landing_within_horizon,,no_landing_within_horizon,0.8,True,0.8,0.07999999999999999,,0.006852199992863461,no_landing_within_horizon,1.0,True,1.0,0.0,,8.999995770864189e-06,B,1.0,False,0.0,2.0,,6.89999433234334e-06
34,3,10.931286460321934,41.95788577805303,0.4488883469929449,C,46,C,0.45,True,0.45,0.45,0.27317605532457084,0.0048060999979497865,no_landing_within_horizon,1.0,False,0.0,2.0,,8.799994247965515e-06,B,1.0,False,0.0,2.0,23.48353524597759,7.099995855242014e-06
35,3,9.755334655763995,58.59183802659235,0.9810843697865407,B,42,B,0.95,True,0.95,0.0050000000000000044,0.6559787712050231,0.004525700001977384,no_landing_within_horizon,1.0,False,0.0,2.0,,6.000002031214535e-06,B,1.0,True,1.0,0.0,2.776588217778465,5.3000112529844046e-06
36,4,0.25592682206761275,165.8163418923105,0.604262619314333,C,23,C,0.85,True,0.85,0.030000000000000006,0.7917504239532468,0.006205300000146963,no_landing_within_horizon,1.0,False,0.0,2.0,,7.499998901039362e-06,C,1.0,True,1.0,0.0,1.4656454842092066,6.300004315562546e-06
37,3,2.936099487915016,46.53796645075187,0.7372123536953584,B,22,B,0.85,True,0.85,0.03500000000000001,0.9595047179400025,0.004727299994556233,B,1.0,True,1.0,0.0,1.9196776341941393,8.999995770864189e-06,B,1.0,True,1.0,0.0,1.1077125336007172,6.000002031214535e-06
38,3,8.826767222520996,241.2672552365165,0.45904128607677774,A,38,A,0.75,True,0.75,0.10500000000000001,0.6950200668487512,0.004385000007459894,no_landing_within_horizon,1.0,False,0.0,2.0,,5.800000508315861e-06,A,1.0,True,1.0,0.0,2.75990600493877,4.7000066842883825e-06
39,6,10.239136918033534,99.86119657917095,0.32864501447257616,no_landing_within_horizon,,E,0.55,False,0.4,0.665,,0.0038127000007079914,D,1.0,False,0.0,2.0,,6.700007361359894e-06,E,1.0,False,0.0,2.0,,4.6000059228390455e-06
40,5,2.534466138058188,279.44850556247326,0.8175171921394235,D,27,D,0.7,True,0.7,0.135,0.7013327082280045,0.004245200005243532,no_landing_within_horizon,1.0,False,0.0,2.0,,5.49999822396785e-06,B,1.0,False,0.0,2.0,23.530136278361546,4.8000074457377195e-06
41,5,3.330507121197986,210.11051460463932,0.8014572023663741,C,22,C,0.6,True,0.6,0.21500000000000002,1.5707879777127334,0.0042132999951718375,C,1.0,True,1.0,0.0,4.29819926604883,7.90000194683671e-06,C,1.0,True,1.0,0.0,1.780729938959913,4.49999060947448e-06
42,3,9.097052881024485,127.62934852675261,0.973628221955413,A,37,A,0.85,True,0.85,0.045000000000000005,0.4651714392211046,0.005439300002763048,no_landing_within_horizon,1.0,False,0.0,2.0,,4.999994416721165e-06,A,1.0,True,1.0,0.0,2.366870956911602,4.5000051613897085e-06
43,5,6.664998745935867,42.901388755869135,0.40728257742019447,E,27,E,0.9,True,0.9,0.014999999999999996,0.3007066258014049,0.002642600011313334,no_landing_within_horizon,1.0,False,0.0,2.0,,4.8000074457377195e-06,D,1.0,False,0.0,2.0,30.40787056685467,3.5999983083456755e-06
44,5,6.286353837354749,70.97856800705408,0.26271390758263896,A,26,A,0.9,True,0.9,0.019999999999999997,1.3155284868753956,0.0048064000002341345,no_landing_within_horizon,1.0,False,0.0,2.0,,6.700007361359894e-06,A,1.0,True,1.0,0.0,1.5757589122049618,4.899993655271828e-06
45,6,11.753828052568648,66.86006687771784,0.23371502543702938,no_landing_within_horizon,,C,0.45,False,0.15,0.99,,0.0037985999952070415,A,1.0,False,0.0,2.0,,6.100002792663872e-06,B,1.0,False,0.0,2.0,,4.0000013541430235e-06
46,5,11.331199022644363,247.39179284750358,0.8295609892782125,no_landing_within_horizon,,no_landing_within_horizon,0.6,True,0.6,0.22500000000000003,,0.00396109999564942,no_landing_within_horizon,1.0,True,1.0,0.0,,4.7000066842883825e-06,E,1.0,False,0.0,2.0,,3.5999983083456755e-06
47,3,8.772771552740283,250.93898570416934,0.5940236142790349,A,16,A,0.9,True,0.9,0.019999999999999997,1.6730943355172876,0.0029555999935837463,no_landing_within_horizon,1.0,False,0.0,2.0,,4.0000013541430235e-06,A,1.0,True,1.0,0.0,2.9656533049576157,3.4999975468963385e-06
48,3,5.5660403401204235,102.3790492202016,0.8701078617030081,C,41,C,0.7,True,0.7,0.13500000000000004,0.4931550676276907,0.004120699988561682,no_landing_within_horizon,1.0,False,0.0,2.0,,4.4000043999403715e-06,A,1.0,False,0.0,2.0,36.499937990488846,3.6999990697950125e-06
49,3,0.2250724700145419,50.82079994522086,0.8109130396009192,A,24,A,0.95,True,0.95,0.0050000000000000044,2.704772236743352,0.002902299995184876,no_landing_within_horizon,1.0,False,0.0,2.0,,4.1000021155923605e-06,A,1.0,True,1.0,0.0,2.4083670660439194,3.3999967854470015e-06
50,6,3.4752111928677016,185.94420753584433,0.24985498156085542,F,13,F,1.0,True,1.0,0.0,0.5132612263818053,0.0014137999969534576,F,1.0,True,1.0,0.0,2.025646396947308,6.300004315562546e-06,F,1.0,True,1.0,0.0,1.5270805736576514,3.9000005926936865e-06
51,4,11.319450901266423,208.8731680814073,0.762175606113587,C,14,C,0.75,True,0.75,0.085,0.6871295144723941,0.005007200001273304,no_landing_within_horizon,1.0,False,0.0,2.0,,5.0000089686363935e-06,C,1.0,True,1.0,0.0,2.787117020293803,4.4000043999403715e-06
52,6,6.136993276433348,64.56555748245775,0.2906950633589143,A,20,A,0.7,True,0.7,0.15500000000000003,1.1709554533618423,0.003998499989393167,no_landing_within_horizon,1.0,False,0.0,2.0,,1.3599987141788006e-05,A,1.0,True,1.0,0.0,2.658214907818617,1.0400006431154907e-05
53,6,5.698969712255365,241.02118910712193,0.6490928759819773,D,22,D,0.8,True,0.8,0.05499999999999998,0.7275060641299019,0.004473199995118193,no_landing_within_horizon,1.0,False,0.0,2.0,,8.000002708286047e-06,D,1.0,True,1.0,0.0,2.7867905675821616,5.800000508315861e-06
54,4,11.417497140283018,343.28162404039085,0.34574306676074235,B,51,B,0.55,True,0.55,0.31499999999999995,0.7994973858269293,0.003917300011380576,no_landing_within_horizon,1.0,False,0.0,2.0,,4.2000028770416975e-06,C,1.0,False,0.0,2.0,32.69178651094135,3.5999983083456755e-06
55,6,5.179450025492644,188.32389784823644,0.1516388319679711,B,21,B,0.9,True,0.9,0.014999999999999996,0.44916920516691716,0.002217700006440282,no_landing_within_horizon,1.0,False,0.0,2.0,,4.7000066842883825e-06,B,1.0,True,1.0,0.0,1.2539667511331931,4.1000021155923605e-06
56,4,3.433761822640922,257.90890495884423,0.3957025240514894,B,22,B,0.95,True,0.95,0.0050000000000000044,1.1543673495710134,0.004460500000277534,B,1.0,True,1.0,0.0,3.004772323519607,6.799993570894003e-06,B,1.0,True,1.0,0.0,0.8748814797368157,4.5000051613897085e-06
57,3,2.2507659361022387,173.70920660432583,0.9538536532755241,B,21,B,0.8,True,0.8,0.06499999999999997,1.6125298903647682,0.004662399995140731,B,1.0,True,1.0,0.0,4.246372826315404,6.399990525096655e-06,B,1.0,True,1.0,0.0,1.9071918214681824,3.6999990697950125e-06
58,5,1.614611653223279,356.2072685723863,0.7493267917410373,A,24,A,0.85,True,0.85,0.03500000000000001,2.492352633302748,0.0037681000103475526,A,1.0,True,1.0,0.0,4.270021008730321,5.999987479299307e-06,A,1.0,True,1.0,0.0,2.1539946915987045,3.5999983083456755e-06
59,6,7.871153172040607,85.22393636854015,0.15603103527744083,F,29,F,0.8,True,0.8,0.05499999999999998,0.6840143890519914,0.003624299992225133,F,1.0,True,1.0,0.0,1.5115564932290744,6.799993570894003e-06,F,1.0,True,1.0,0.0,1.5086984117588946,3.7999998312443495e-06
60,3,11.991056470290673,328.73462338213244,0.9849173736918677,A,58,no_landing_within_horizon,0.75,False,0.25,1.125,,0.005699799992726184,no_landing_within_horizon,1.0,False,0.0,2.0,,4.7000066842883825e-06,A,1.0,True,1.0,0.0,1.8834240672031188,3.999986802227795e-06
61,4,0.23803428169537355,8.065405748667542,0.9428425011293649,C,42,D,0.75,False,0.05,1.49,34.58018964490209,0.0033591999963391572,D,1.0,False,0.0,2.0,36.23142369983449,1.619999238755554e-05,D,1.0,False,0.0,2.0,34.77094679364126,8.500006515532732e-06
62,4,9.799792035949453,287.93835646498,0.8329988942430855,no_landing_within_horizon,,C,0.55,False,0.45,0.6050000000000001,,0.006065499997930601,no_landing_within_horizon,1.0,True,1.0,0.0,,9.60000033956021e-06,B,1.0,False,0.0,2.0,,7.299997378140688e-06
63,4,7.555548369792785,208.79982372645003,0.6965743053627422,A,26,A,0.8,True,0.8,0.07999999999999999,1.0909637093170186,0.004011700002592988,no_landing_within_horizon,1.0,False,0.0,2.0,,4.5000051613897085e-06,A,1.0,True,1.0,0.0,2.1529479789522776,3.9000005926936865e-06
64,5,0.8827941863651092,287.86524955905804,0.21877154579218427,A,25,A,0.7,True,0.7,0.12500000000000003,0.28191896224666046,0.0035635999956866726,A,1.0,True,1.0,0.0,2.415913444874273,5.599998985417187e-06,E,1.0,False,0.0,2.0,27.471350905467364,3.9000005926936865e-06
65,3,10.898878589983823,130.88546605179306,0.5990238559349337,A,22,A,0.95,True,0.95,0.0050000000000000044,0.29329720577129054,0.003523700012010522,no_landing_within_horizon,1.0,False,0.0,2.0,,4.1000021155923605e-06,A,1.0,True,1.0,0.0,2.313903644892469,3.4999975468963385e-06
66,6,4.029665098397796,43.490980052726556,0.6973017720147427,C,30,C,0.35,True,0.35,0.5750000000000001,2.1207719365275173,0.003540599995176308,B,1.0,False,0.0,2.0,11.773228617947973,6.100002792663872e-06,F,1.0,False,0.0,2.0,17.349636258408744,3.9000005926936865e-06
67,6,8.514023551497335,105.48362254741245,0.7183942925199449,F,17,F,0.85,True,0.85,0.045000000000000005,0.48828820596103456,0.004031400007079355,no_landing_within_horizon,1.0,False,0.0,2.0,,5.099995178170502e-06,F,1.0,True,1.0,0.0,2.6731922944041155,4.2000028770416975e-06
68,4,11.352982454059642,195.90552458433905,0.3797622788027786,D,56,no_landing_within_horizon,0.75,False,0.25,1.125,,0.003900499999872409,no_landing_within_horizon,1.0,False,0.0,2.0,,4.099987563677132e-06,D,1.0,True,1.0,0.0,2.2589211858205873,3.200009814463556e-06
69,3,8.80592413502494,24.551217884553967,0.11639238593998005,A,47,A,0.85,True,0.85,0.03500000000000001,1.1032819056739096,0.0036257000028854236,no_landing_within_horizon,1.0,False,0.0,2.0,,3.6999990697950125e-06,B,1.0,False,0.0,2.0,24.823947258768573,3.0999945010989904e-06
70,5,3.656392797928198,22.463514773389754,0.8125047536304761,A,42,C,0.65,False,0.1,1.2650000000000001,24.2885423593092,0.003648600002634339,C,1.0,False,0.0,2.0,24.878066675286533,7.300011930055916e-06,A,1.0,True,1.0,0.0,2.72640786214064,4.899993655271828e-06
71,6,5.345548962588829,226.31022155647045,0.5678223793543394,B,30,A,0.7,False,0.05,1.4149999999999998,24.012673739721105,0.0037415999977383763,A,1.0,False,0.0,2.0,27.34736231323271,6.999995093792677e-06,A,1.0,False,0.0,2.0,24.494506712872425,4.3000036384910345e-06
72,6,7.711876296231811,345.50616616054805,0.21769019854728994,F,41,F,0.75,True,0.75,0.125,0.5875028862320362,0.0037964000075589865,no_landing_within_horizon,1.0,False,0.0,2.0,,4.899993655271828e-06,F,1.0,True,1.0,0.0,2.5454431259614445,4.0000013541430235e-06
73,6,0.5796476897116838,157.7335799586404,0.7470687168076949,B,20,B,0.65,True,0.65,0.21499999999999997,1.0862569911328264,0.0037248000007821247,no_landing_within_horizon,1.0,False,0.0,2.0,,5.099995178170502e-06,B,1.0,True,1.0,0.0,1.202873032724078,4.3000036384910345e-06
74,3,9.468628318042235,7.156571009260753,0.23728035112661697,C,32,C,0.75,True,0.75,0.095,0.751685668184985,0.0037511000118684024,no_landing_within_horizon,1.0,False,0.0,2.0,,4.2000028770416975e-06,C,1.0,True,1.0,0.0,2.5846205661256962,3.5999983083456755e-06
75,5,5.519692567402569,287.0888638206465,0.783403552857135,A,36,A,0.65,True,0.65,0.21499999999999997,0.4517557892794522,0.0037850000080652535,D,1.0,False,0.0,2.0,12.498060953208473,5.900001269765198e-06,A,1.0,True,1.0,0.0,1.4005676747795321,3.4999975468963385e-06
76,5,3.7464553177743016,0.7259713118534217,0.12814600664245993,C,14,C,1.0,True,1.0,0.0,0.07557207826981663,0.0013541999942390248,C,1.0,True,1.0,0.0,3.2126931952742743,5.199995939619839e-06,C,1.0,True,1.0,0.0,0.5328997437101018,3.2999960239976645e-06
77,3,1.5689739938016922,129.54408593427354,0.8837243672476796,C,33,A,0.9,False,0.05,1.715,27.718006222995008,0.00281360000371933,A,1.0,False,0.0,2.0,30.04483487524275,6.300004315562546e-06,A,1.0,False,0.0,2.0,28.541653506258598,3.1999952625483274e-06
78,5,10.424490731729716,110.67565199614052,0.5904063218610763,C,33,E,0.6,False,0.2,1.0150000000000001,16.457709210415867,0.0036358000070322305,E,1.0,False,0.0,2.0,13.26096980408124,5.900001269765198e-06,E,1.0,False,0.0,2.0,14.31314488287031,3.5999983083456755e-06
79,3,6.141082441597154,222.76999917057785,0.20006861921294733,C,18,C,0.65,True,0.65,0.19499999999999998,0.485201494390786,0.003386199998203665,no_landing_within_horizon,1.0,False,0.0,2.0,,4.5000051613897085e-06,B,1.0,False,0.0,2.0,16.014697640777772,3.7999998312443495e-06
80,6,1.6813851590141944,8.008050638130872,0.14121883838346222,D,20,D,0.8,True,0.8,0.06499999999999997,0.9159005566688716,0.004253300008713268,D,1.0,True,1.0,0.0,3.0418213668917873,6.699992809444666e-06,D,1.0,True,1.0,0.0,0.4313785849313933,4.3000036384910345e-06
81,3,9.162025084027324,74.57257510566185,0.5053885228197343,B,26,B,0.8,True,0.8,0.07999999999999999,1.6018031929741592,0.0038767999940318987,no_landing_within_horizon,1.0,False,0.0,2.0,,4.4000043999403715e-06,B,1.0,True,1.0,0.0,2.5421079142555656,3.7999998312443495e-06
82,5,7.1390300095082795,135.7122720341699,0.8374376028924562,B,31,C,0.85,False,0.05,1.6349999999999998,22.820205978590156,0.0035687999916262925,C,1.0,False,0.0,2.0,25.795617351840455,5.699999746866524e-06,D,1.0,False,0.0,2.0,41.86859841046261,3.4999975468963385e-06
83,5,9.309604778328076,56.32346658001626,0.48557247669272996,E,45,D,0.4,False,0.25,0.845,15.88212084918651,0.005693800005246885,no_landing_within_horizon,1.0,False,0.0,2.0,,5.199995939619839e-06,D,1.0,False,0.0,2.0,15.521828023991239,3.9000005926936865e-06
84,5,4.1752074272816415,92.09057481868815,0.7596715099915563,D,20,D,0.9,True,0.9,0.014999999999999996,0.8350335107334532,0.004107099986867979,D,1.0,True,1.0,0.0,1.562012505487643,1.0799994925037026e-05,D,1.0,True,1.0,0.0,1.460135328018432,6.200003554113209e-06
85,5,2.9750410103212137,104.15359999906163,0.8134768738609552,D,20,A,0.35,False,0.35,0.5900000000000001,13.651780576383407,0.005064999990281649,C,1.0,False,0.0,2.0,22.014990779330237,8.899995009414852e-06,A,1.0,False,0.0,2.0,13.614520953021607,5.49999822396785e-06
86,6,3.9856765160050434,99.69150949818602,0.6019358755089359,B,23,B,0.55,True,0.55,0.30499999999999994,0.9395945131655784,0.004014199992525391,B,1.0,True,1.0,0.0,2.5554225356605986,6.999995093792677e-06,A,1.0,False,0.0,2.0,18.98898674280591,3.9000005926936865e-06
87,5,1.0875015176588487,1.8170853024775946,0.7410828278668115,B,23,B,0.75,True,0.75,0.10500000000000001,0.6070809131344496,0.0035468999994918704,B,1.0,True,1.0,0.0,2.7804821877549086,6.000002031214535e-06,B,1.0,True,1.0,0.0,1.8408320525861286,4.1000021155923605e-06
88,5,2.1970655796046312,301.42115870157227,0.36126240437296153,C,43,C,0.55,True,0.55,0.30499999999999994,0.19592993752698562,0.0038094000046839938,no_landing_within_horizon,1.0,False,0.0,2.0,,5.900001269765198e-06,A,1.0,False,0.0,2.0,38.46882571608437,3.5999983083456755e-06
89,6,7.272867803670595,288.92295108218104,0.26967567713181917,B,27,B,0.85,True,0.85,0.03500000000000001,0.7280228225705798,0.0026898000069195405,no_landing_within_horizon,1.0,False,0.0,2.0,,4.49999060947448e-06,B,1.0,True,1.0,0.0,2.518943666360509,3.300010575912893e-06
90,5,2.8267531647398796,339.5008389843902,0.28891843509268433,B,19,B,0.85,True,0.85,0.03500000000000001,0.8238561514599693,0.0035385999944992363,B,1.0,True,1.0,0.0,3.4332972405042934,6.400005077011883e-06,B,1.0,True,1.0,0.0,1.1392678773065277,3.9000005926936865e-06
91,5,7.325354712694637,104.78277584692773,0.8844408868036912,E,49,B,0.95,False,0.0,1.905,20.409220844442704,0.0035801000049104914,no_landing_within_horizon,1.0,False,0.0,2.0,,4.4000043999403715e-06,B,1.0,False,0.0,2.0,18.78634599481482,4.0000013541430235e-06
92,4,9.40666434845092,197.89226022912317,0.34206723112534626,D,33,D,0.8,True,0.8,0.059999999999999984,0.7934007891590196,0.003268100001150742,no_landing_within_horizon,1.0,False,0.0,2.0,,3.7999998312443495e-06,D,1.0,True,1.0,0.0,2.942135594297647,3.1999952625483274e-06
93,6,3.7658621157857186,55.57718100891041,0.4624482627222739,E,18,E,0.7,True,0.7,0.12500000000000003,0.8494372556113144,0.0035635999956866726,no_landing_within_horizon,1.0,False,0.0,2.0,,4.6000059228390455e-06,E,1.0,True,1.0,0.0,1.9213034271325677,3.7999998312443495e-06
94,3,9.814041145660447,323.0541774600905,0.5939416323630966,A,41,A,1.0,True,1.0,0.0,1.7821241789489983,0.0029049000004306436,no_landing_within_horizon,1.0,False,0.0,2.0,,3.899986040778458e-06,A,1.0,True,1.0,0.0,2.8598020398406474,3.5999983083456755e-06
95,4,9.507977376897129,278.63761956779496,0.41344654508886713,B,34,B,0.8,True,0.8,0.07999999999999999,0.8283273364210071,0.003769800008740276,no_landing_within_horizon,1.0,False,0.0,2.0,,4.49999060947448e-06,B,1.0,True,1.0,0.0,2.9011855875171757,3.4999975468963385e-06
96,6,2.6578293336209913,164.6933340386754,0.7890420092795626,C,17,C,0.85,True,0.85,0.030000000000000006,1.271433925004844,0.0030257999897003174,C,1.0,True,1.0,0.0,4.289889942835194,5.599998985417187e-06,C,1.0,True,1.0,0.0,1.5215189399040636,3.3999967854470015e-06
97,3,11.313011743207657,60.84992770996872,0.4676131126241465,no_landing_within_horizon,,A,0.8,False,0.2,1.2800000000000002,,0.003424399998039007,no_landing_within_horizon,1.0,True,1.0,0.0,,3.2999960239976645e-06,A,1.0,False,0.0,2.0,,2.8999929782003164e-06
98,4,3.318415393485867,9.541272835283081,0.3496702836549008,A,20,A,1.0,True,1.0,0.0,0.6966701602231313,0.0017198999994434416,A,1.0,True,1.0,0.0,1.7967485436405934,5.800000508315861e-06,A,1.0,True,1.0,0.0,1.3124509847505192,3.5999983083456755e-06
99,6,3.0479296474262827,30.61224993089009,0.5594553389690101,F,15,F,0.9,True,0.9,0.014999999999999996,0.8794554732344961,0.003622400006861426,F,1.0,True,1.0,0.0,1.0524978900669624,6.399990525096655e-06,F,1.0,True,1.0,0.0,2.130408039829185,4.0000013541430235e-06
100,6,0.17611236342467995,300.431581913831,0.16515917024361293,B,23,B,1.0,True,1.0,0.0,0.875775596702204,0.0018638000037753955,B,1.0,True,1.0,0.0,1.7162373933437203,5.699999746866524e-06,E,1.0,False,0.0,2.0,24.328938106552375,3.4999975468963385e-06
101,4,2.589905514325854,251.68550075057163,0.26126490242876865,D,35,A,0.75,False,0.25,1.125,27.316244538989327,0.0030380999960470945,no_landing_within_horizon,1.0,False,0.0,2.0,,4.49999060947448e-06,A,1.0,False,0.0,2.0,27.744436853094072,3.6999990697950125e-06
102,4,6.293637397695817,177.84386146470308,0.5845137304748684,B,30,B,0.65,True,0.65,0.19499999999999998,0.7970721226961833,0.0033999000006588176,B,1.0,True,1.0,0.0,3.5765286291714897,5.599998985417187e-06,C,1.0,False,0.0,2.0,25.85996877419279,3.5999983083456755e-06
103,5,2.3557412052556725,13.231635297910067,0.8621537321802861,A,28,A,0.8,True,0.8,0.05499999999999998,1.9957597431479364,0.003755400000954978,A,1.0,True,1.0,0.0,1.1074008113672937,5.800000508315861e-06,A,1.0,True,1.0,0.0,2.0144978592785505,3.4999975468963385e-06
104,5,7.786456801274886,26.489908841406127,0.7221203460060683,C,28,C,0.8,True,0.8,0.06499999999999997,0.8377984677924356,0.003965700001572259,no_landing_within_horizon,1.0,False,0.0,2.0,,5.399997462518513e-06,C,1.0,True,1.0,0.0,2.1896002231525666,4.799992893822491e-06
105,4,9.624196135636629,136.83671829600152,0.4164746952564021,D,43,B,0.85,False,0.1,1.535,20.14323755151097,0.0034580999927129596,D,1.0,True,1.0,0.0,5.221640095731197,5.299996701069176e-06,B,1.0,False,0.0,2.0,22.509806577678365,3.1999952625483274e-06
106,5,5.02719197361108,33.459352521191846,0.17417064763730877,no_landing_within_horizon,,C,0.4,False,0.25,0.77,,0.0036909999907948077,no_landing_within_horizon,1.0,True,1.0,0.0,,4.5000051613897085e-06,C,1.0,False,0.0,2.0,,3.7999998312443495e-06
107,3,2.75223570405537,79.55368096248898,0.13736903340881754,B,21,B,0.8,True,0.8,0.07999999999999999,0.11809192605547435,0.0025519999908283353,B,1.0,True,1.0,0.0,2.1550646259123662,4.9000082071870565e-06,B,1.0,True,1.0,0.0,0.8545991685859694,2.9999937396496534e-06
108,3,6.392590588064808,199.71980615051066,0.46903352634707773,A,59,A,0.6,True,0.6,0.26,1.2963360513274478,0.0029457999917212874,no_landing_within_horizon,1.0,False,0.0,2.0,,3.0999945010989904e-06,A,1.0,True,1.0,0.0,2.797825905745856,3.000008291564882e-06
109,5,2.438410841154873,216.13492885334958,0.41884046981271306,no_landing_within_horizon,,B,0.55,False,0.05,1.29,,0.0032749999954830855,B,1.0,False,0.0,2.0,,5.800000508315861e-06,B,1.0,False,0.0,2.0,,3.1999952625483274e-06
110,5,3.589273114367129,326.2236387688281,0.6679104455519385,A,36,A,0.6,True,0.6,0.255,1.231752943016225,0.0033976999984588474,no_landing_within_horizon,1.0,False,0.0,2.0,,4.599991370923817e-06,A,1.0,True,1.0,0.0,1.449420753374047,3.7999998312443495e-06
111,4,5.7511244774926515,3.1243527094783463,0.4347936710457043,D,12,D,0.6,True,0.6,0.28500000000000003,1.500431767285369,0.003974899998866022,D,1.0,True,1.0,0.0,2.8498851318052587,6.800008122809231e-06,D,1.0,True,1.0,0.0,0.15735378864438515,3.9000005926936865e-06
112,3,11.597968127554129,285.87690843384513,0.9860439219293584,no_landing_within_horizon,,no_landing_within_horizon,0.95,True,0.95,0.0050000000000000044,,0.0039628999948035926,no_landing_within_horizon,1.0,True,1.0,0.0,,4.0000013541430235e-06,A,1.0,False,0.0,2.0,,3.2999960239976645e-06
113,4,2.4668712862448072,33.18078271278493,0.5414695829813447,D,35,D,0.6,True,0.6,0.22000000000000003,0.833920448586451,0.004001599998446181,no_landing_within_horizon,1.0,False,0.0,2.0,,4.8000074457377195e-06,B,1.0,False,0.0,2.0,19.81672268469958,3.7999998312443495e-06
114,3,11.344953673226396,143.2294724836737,0.5490699912636672,no_landing_within_horizon,,B,0.7,False,0.1,1.32,,0.003442400004132651,no_landing_within_horizon,1.0,True,1.0,0.0,,3.9000005926936865e-06,B,1.0,False,0.0,2.0,,3.2999960239976645e-06
115,5,0.3288406466696139,323.5778602035672,0.325013752210363,C,24,C,0.95,True,0.95,0.0050000000000000044,0.3962177791954596,0.0033984000037889928,C,1.0,True,1.0,0.0,2.5430131527507225,5.399997462518513e-06,C,1.0,True,1.0,0.0,0.6808028051373621,3.0999945010989904e-06
116,3,0.2760895498343121,99.55272743386817,0.9529949560550601,B,52,A,0.35,False,0.05,1.2049999999999998,21.693201651454427,0.004521700000623241,no_landing_within_horizon,1.0,False,0.0,2.0,,4.4000043999403715e-06,C,1.0,False,0.0,2.0,30.889183770988733,3.7999998312443495e-06
117,3,7.976120876871008,116.3088384067109,0.5268711637540838,B,39,B,0.45,True,0.45,0.41500000000000004,0.5003613894111919,0.003496299992548302,no_landing_within_horizon,1.0,False,0.0,2.0,,3.5999983083456755e-06,B,1.0,True,1.0,0.0,1.8124057142471899,2.800006768666208e-06
118,4,9.197359944812039,217.12807553713142,0.5216557585183447,C,33,C,0.75,True,0.75,0.125,0.8194785822292006,0.002773300002445467,C,1.0,True,1.0,0.0,5.106962512672311,5.099995178170502e-06,B,1.0,False,0.0,2.0,18.17557809173103,3.5999983083456755e-06
119,4,1.5952959865391891,82.31259682182868,0.6555127054490897,A,21,A,0.95,True,0.95,0.0050000000000000044,2.1177469839253793,0.003001299992320128,no_landing_within_horizon,1.0,False,0.0,2.0,,3.9000005926936865e-06,A,1.0,True,1.0,0.0,2.064727599282216,3.7999998312443495e-06
120,4,0.2915488475571091,50.19481135039576,0.452580549013776,B,13,B,0.65,True,0.65,0.175,1.394092513157574,0.0037106999952811748,B,1.0,True,1.0,0.0,1.1965729257571658,6.399990525096655e-06,B,1.0,True,1.0,0.0,1.8571366068469588,3.7999998312443495e-06
121,4,11.32031535302658,151.0141687871113,0.8411367494806955,no_landing_within_horizon,,A,0.85,False,0.15,1.4449999999999998,,0.003459100000327453,no_landing_within_horizon,1.0,True,1.0,0.0,,4.1000021155923605e-06,A,1.0,False,0.0,2.0,,3.5999983083456755e-06
122,6,3.501446054433498,276.9890633029437,0.1474137814037157,D,23,D,0.9,True,0.9,0.014999999999999996,0.2675124604772093,0.0025517999893054366,D,1.0,True,1.0,0.0,2.9628346987706236,5.800000508315861e-06,F,1.0,False,0.0,2.0,38.46815987395618,3.4999975468963385e-06
123,3,5.973467621973526,209.78087062151516,0.26590418868563176,B,40,B,0.95,True,0.95,0.0050000000000000044,0.3765895236236932,0.0033059999987017363,no_landing_within_horizon,1.0,False,0.0,2.0,,4.699992132373154e-06,C,1.0,False,0.0,2.0,43.2150638269883,3.300010575912893e-06
124,6,5.536569350998859,282.2889033022424,0.6712408861557209,A,17,A,0.7,True,0.7,0.12500000000000003,2.2971202349447304,0.0030368999869097024,no_landing_within_horizon,1.0,False,0.0,2.0,,4.8000074457377195e-06,A,1.0,True,1.0,0.0,0.38320545965744834,4.0000013541430235e-06
125,4,3.049454629394789,31.175447240549392,0.1229736526144545,B,20,B,0.95,True,0.95,0.0050000000000000044,1.07091446437878,0.002361799997743219,no_landing_within_horizon,1.0,False,0.0,2.0,,4.299989086575806e-06,B,1.0,True,1.0,0.0,1.984700450004323,3.7999998312443495e-06
126,4,1.384582329588456,260.98078230431946,0.527349491405218,C,35,C,0.6,True,0.6,0.32000000000000006,1.578863637253001,0.0028676999936578795,C,1.0,True,1.0,0.0,3.397875071492256,5.0000089686363935e-06,A,1.0,False,0.0,2.0,20.18485619423403,3.100009053014219e-06
127,5,6.638770500017648,279.3896132788277,0.8417062340163398,C,35,C,0.85,True,0.85,0.030000000000000006,2.447561943330774,0.003537199998390861,C,1.0,True,1.0,0.0,4.783828208135262,6.100002792663872e-06,E,1.0,False,0.0,2.0,12.175277447059559,3.7999998312443495e-06
128,5,11.915654974850819,347.8187759271697,0.5835115729255853,no_landing_within_horizon,,A,0.5,False,0.15,1.025,,0.00446189999638591,no_landing_within_horizon,1.0,True,1.0,0.0,,6.400005077011883e-06,B,1.0,False,0.0,2.0,,5.099995178170502e-06
129,5,9.868764854053845,352.8103699851997,0.9763378474140554,A,20,A,0.85,True,0.85,0.03500000000000001,1.8122098137023752,0.0037484000058611855,no_landing_within_horizon,1.0,False,0.0,2.0,,5.099995178170502e-06,A,1.0,True,1.0,0.0,2.886749666787394,4.2000028770416975e-06
130,5,7.316396183817709,300.85861016300925,0.4420316057776096,C,30,C,0.7,True,0.7,0.14000000000000004,1.1995328556784572,0.0036392999900272116,C,1.0,True,1.0,0.0,4.941203847070894,5.399997462518513e-06,C,1.0,True,1.0,0.0,2.299970922109294,3.300010575912893e-06
131,4,7.831926562079901,254.12227459635085,0.1122271364767226,no_landing_within_horizon,,no_landing_within_horizon,0.5,True,0.5,0.345,,0.0034025999921141192,B,1.0,False,0.0,2.0,,4.999994416721165e-06,A,1.0,False,0.0,2.0,,3.1999952625483274e-06
132,6,2.7262647344282174,289.1103074746663,0.8091820852184062,D,26,D,0.65,True,0.65,0.175,0.05124322325525805,0.003527300010318868,no_landing_within_horizon,1.0,False,0.0,2.0,,5.4000120144337416e-06,D,1.0,True,1.0,0.0,0.8376484811067318,3.7999998312443495e-06
133,5,10.839627321996911,266.6025752899174,0.34416773030625575,D,59,A,0.6,False,0.1,1.215,18.28422979442334,0.0033059999987017363,no_landing_within_horizon,1.0,False,0.0,2.0,,4.3000036384910345e-06,A,1.0,False,0.0,2.0,16.425046379507314,3.3999967854470015e-06
134,6,9.993456847265103,339.3765869776631,0.27886896447774573,E,27,E,0.65,True,0.65,0.15499999999999997,0.639519755938566,0.0029455999901983887,E,1.0,True,1.0,0.0,5.808694467240562,6.200003554113209e-06,E,1.0,True,1.0,0.0,2.9670388046558074,3.2999960239976645e-06
135,4,2.6725803670247132,123.63054092488139,0.9793249005609564,C,37,A,0.45,False,0.25,0.8150000000000001,17.85308334835909,0.003318499992019497,no_landing_within_horizon,1.0,False,0.0,2.0,,3.7999998312443495e-06,A,1.0,False,0.0,2.0,18.036936469848406,3.0999945010989904e-06
136,6,7.940159773033876,123.55763512698945,0.231206032748975,C,15,C,0.95,True,0.95,0.0050000000000000044,1.989311184529706,0.0019247999880462885,no_landing_within_horizon,1.0,False,0.0,2.0,,4.3000036384910345e-06,C,1.0,True,1.0,0.0,2.891094158659625,3.3999967854470015e-06
137,4,2.72830457466174,282.8968568684311,0.12845879210332442,B,13,B,0.75,True,0.75,0.08,1.2313865941642919,0.0031479000026592985,B,1.0,True,1.0,0.0,1.0359469757853328,5.799985956400633e-06,B,1.0,True,1.0,0.0,1.9676100650555837,3.200009814463556e-06
138,5,0.35800724582582255,338.0961062917242,0.9115868356910195,A,25,A,0.75,True,0.75,0.095,0.3555068031289876,0.002776199995423667,no_landing_within_horizon,1.0,False,0.0,2.0,,4.6000059228390455e-06,A,1.0,True,1.0,0.0,0.5153344897603893,3.500012098811567e-06
139,4,9.20706153277824,10.629625484614031,0.9574887895506524,C,59,C,0.75,True,0.75,0.125,1.109400106758833,0.003303399993455969,no_landing_within_horizon,1.0,False,0.0,2.0,,3.9000005926936865e-06,C,1.0,True,1.0,0.0,1.1939900411300726,2.8999929782003164e-06
140,5,8.181657234008247,230.39040472364027,0.5932438895289995,A,33,A,0.75,True,0.75,0.08,0.3513734468927284,0.003198899998096749,A,1.0,True,1.0,0.0,4.13759392556369,6.099988240748644e-06,A,1.0,True,1.0,0.0,2.3334327107247095,3.40001133736223e-06
141,4,1.8196754823747474,19.522045734624083,0.7447648979983565,B,26,B,0.8,True,0.8,0.05499999999999998,1.3127499363667408,0.0033694000012474135,no_landing_within_horizon,1.0,False,0.0,2.0,,3.999986802227795e-06,B,1.0,True,1.0,0.0,2.2425477502252615,3.000008291564882e-06
142,3,2.679563952593113,224.98861681511272,0.7674632970166717,B,36,B,0.75,True,0.75,0.095,1.3241194699955763,0.0031968999974196777,B,1.0,True,1.0,0.0,1.5032004569989523,4.299989086575806e-06,C,1.0,False,0.0,2.0,23.374753777932277,2.800006768666208e-06
143,6,2.4182459877540463,263.4959610877763,0.8121030612443753,B,41,F,0.9,False,0.0,1.815,31.834531370407245,0.0030141000024741516,F,1.0,False,0.0,2.0,31.744484843848372,6.000002031214535e-06,F,1.0,False,0.0,2.0,31.85296944009327,3.5999983083456755e-06
144,4,10.046974340658696,41.184430603656914,0.49606928482071144,B,48,B,0.7,True,0.7,0.12500000000000003,0.43361804705731605,0.005603099998552352,no_landing_within_horizon,1.0,False,0.0,2.0,,4.399989848025143e-06,B,1.0,True,1.0,0.0,2.2352868467150047,3.300010575912893e-06
145,5,10.26377513236789,349.1595836256184,0.47595639945735924,B,32,B,0.55,True,0.55,0.27999999999999997,0.5922436308191464,0.0032875000033527613,no_landing_within_horizon,1.0,False,0.0,2.0,,4.699992132373154e-06,C,1.0,False,0.0,2.0,16.89840875810214,3.500012098811567e-06
146,6,1.6982026100090764,170.74675982166474,0.990056032377084,F,44,A,0.5,False,0.05,1.21,15.775784105549688,0.005584500002441928,C,1.0,False,0.0,2.0,11.740903814307343,6.000002031214535e-06,D,1.0,False,0.0,2.0,33.37278923053676,3.3999967854470015e-06
147,3,0.0551922277727388,0.430093729624641,0.15744427599144564,C,20,C,1.0,True,1.0,0.0,0.416846898306578,0.0017158000118797645,C,1.0,True,1.0,0.0,2.011787804820967,4.5000051613897085e-06,C,1.0,True,1.0,0.0,0.9896443843255749,2.7999922167509794e-06
148,3,7.332020171295435,359.7331092377944,0.9951952367359239,no_landing_within_horizon,,B,0.65,False,0.05,1.415,,0.00364330000593327,B,1.0,False,0.0,2.0,,5.299996701069176e-06,A,1.0,False,0.0,2.0,,3.3999967854470015e-06
149,4,1.2973924297651873,76.71452657939058,0.8247835678826184,D,45,A,0.85,False,0.15,1.4449999999999998,34.45021241816486,0.002860700013116002,A,1.0,False,0.0,2.0,34.12002127813579,5.1000097300857306e-06,D,1.0,True,1.0,0.0,2.624631834650881,3.4999975468963385e-06
150,5,6.7664064468444565,311.2828781045832,0.17450974260372273,D,30,D,0.9,True,0.9,0.019999999999999997,0.9735104554141503,0.003074500011280179,D,1.0,True,1.0,0.0,2.2203916131836237,7.980001100804657e-05,D,1.0,True,1.0,0.0,0.921455306922775,4.4000043999403715e-06
151,5,7.706834374115072,34.700894924446814,0.1627179500829774,A,13,A,0.95,True,0.95,0.0050000000000000044,1.2003463644018626,0.0036583999899448827,A,1.0,True,1.0,0.0,5.481716060785859,6.000002031214535e-06,A,1.0,True,1.0,0.0,2.9155384078653013,3.7999998312443495e-06
152,5,1.4304946440488178,40.5781923174648,0.5394634801479825,C,47,B,0.35,False,0.35,0.5950000000000001,25.192282641403065,0.003380900001502596,no_landing_within_horizon,1.0,False,0.0,2.0,,4.2000028770416975e-06,D,1.0,False,0.0,2.0,42.16445294307633,3.300010575912893e-06
153,5,7.050232056684686,144.2775717457932,0.8077580615730692,C,20,C,0.75,True,0.75,0.08,0.49242087597226114,0.005441300003440119,no_landing_within_horizon,1.0,False,0.0,2.0,,5.0000089686363935e-06,C,1.0,True,1.0,0.0,1.695306146883662,4.399989848025143e-06
154,4,1.4842849190563925,290.0003072731556,0.44512537977584554,D,25,D,0.85,True,0.85,0.045000000000000005,0.41383536636334806,0.0031289000035030767,no_landing_within_horizon,1.0,False,0.0,2.0,,4.399989848025143e-06,A,1.0,False,0.0,2.0,35.07374998471042,3.5999983083456755e-06
155,3,1.6916277910732256,234.7582349070408,0.24014134837069473,C,22,B,0.55,False,0.25,0.905,27.568506183204466,0.004080200000316836,B,1.0,False,0.0,2.0,25.435969576285448,5.099995178170502e-06,C,1.0,True,1.0,0.0,0.8309112411378236,2.9999937396496534e-06
156,6,11.286894387872575,69.12095234363686,0.7163639495241045,no_landing_within_horizon,,no_landing_within_horizon,0.8,True,0.8,0.07999999999999999,,0.0035050000005867332,no_landing_within_horizon,1.0,True,1.0,0.0,,4.2000028770416975e-06,D,1.0,False,0.0,2.0,,3.2999960239976645e-06
157,3,2.4809073674794697,23.75915117381532,0.4675675218718045,A,14,A,0.8,True,0.8,0.06499999999999997,1.4404613981269023,0.005184699999517761,no_landing_within_horizon,1.0,False,0.0,2.0,,5.099995178170502e-06,A,1.0,True,1.0,0.0,2.712540185614487,4.3000036384910345e-06
158,4,8.736596686013456,342.4216256160545,0.6951740447400337,B,14,B,0.8,True,0.8,0.06499999999999997,2.317201805558226,0.00629240000853315,B,1.0,True,1.0,0.0,2.7579013831707386,7.700000423938036e-06,B,1.0,True,1.0,0.0,0.31399720382510615,4.6000059228390455e-06
159,6,10.660319976528784,276.3164839798095,0.3105202807731502,no_landing_within_horizon,,F,0.75,False,0.1,1.385,,0.0056770000082906336,A,1.0,False,0.0,2.0,,7.299997378140688e-06,C,1.0,False,0.0,2.0,,4.399989848025143e-06
160,3,5.038792096028346,70.38223752719429,0.5999909630302297,B,27,B,0.75,True,0.75,0.095,1.1495195092975863,0.005390999998780899,B,1.0,True,1.0,0.0,1.0598766563969761,1.7399986973032355e-05,B,1.0,True,1.0,0.0,2.077189570521677,1.0000003385357559e-05
161,6,6.1655900718311045,315.1463269403608,0.308886794814639,F,29,F,0.7,True,0.7,0.11500000000000003,0.4479394293698236,0.004940099999657832,no_landing_within_horizon,1.0,False,0.0,2.0,,1.440000778529793e-05,A,1.0,False,0.0,2.0,16.261230179741496,1.0800009476952255e-05
162,5,11.470347595141304,99.14650563201643,0.7615196225103684,no_landing_within_horizon,,E,0.85,False,0.1,1.535,,0.005295099996146746,E,1.0,False,0.0,2.0,,1.1099997209385037e-05,E,1.0,False,0.0,2.0,,6.199989002197981e-06
163,4,10.190578460772054,163.93477005149168,0.4792129574510614,D,48,D,0.35,True,0.35,0.5900000000000001,1.6674118195270553,0.004157200004556216,no_landing_within_horizon,1.0,False,0.0,2.0,,4.49999060947448e-06,C,1.0,False,0.0,2.0,32.59916644936294,3.9000005926936865e-06
164,5,2.304485111440267,80.07939077256341,0.9553982160704193,A,33,B,0.55,False,0.3,0.8049999999999999,19.84621952888654,0.003813499992247671,no_landing_within_horizon,1.0,False,0.0,2.0,,4.7000066842883825e-06,A,1.0,True,1.0,0.0,2.257609480753798,3.4999975468963385e-06
165,5,2.5396263189731263,30.821136993370004,0.5038833341077195,C,27,C,0.9,True,0.9,0.019999999999999997,0.23146596173299602,0.002815500003634952,no_landing_within_horizon,1.0,False,0.0,2.0,,4.0000013541430235e-06,C,1.0,True,1.0,0.0,1.0106786164978327,3.3999967854470015e-06
166,6,10.11326077599658,120.40023764998705,0.37375266719735656,B,15,B,0.75,True,0.75,0.095,1.4814955276358224,0.004109800007427111,B,1.0,True,1.0,0.0,0.5561160698422868,7.299997378140688e-06,B,1.0,True,1.0,0.0,2.5249091826551586,3.9000005926936865e-06
167,6,4.441439253295949,239.98892510753404,0.4742247425197046,D,19,D,0.8,True,0.8,0.05499999999999998,0.8739001945704435,0.003289300002506934,D,1.0,True,1.0,0.0,1.4712159290346087,5.699999746866524e-06,D,1.0,True,1.0,0.0,2.47032885708416,3.9000005926936865e-06
168,4,2.597955385124004,28.349520393939528,0.13386395211487687,B,17,B,0.95,True,0.95,0.0050000000000000044,0.15997588400367627,0.002931800001533702,B,1.0,True,1.0,0.0,2.539447874425537,7.499998901039362e-06,B,1.0,True,1.0,0.0,0.7347865138734767,5.099995178170502e-06
169,6,8.951678162304187,325.88111980055083,0.2284422174341755,A,41,F,0.8,False,0.0,1.655,50.1017211073763,0.0030611000111093745,F,1.0,False,0.0,2.0,51.297342868921874,5.599998985417187e-06,C,1.0,False,0.0,2.0,39.089741974453084,3.40001133736223e-06
170,6,2.3262944500486764,62.093575298829606,0.42194601767324036,E,15,E,0.65,True,0.65,0.16499999999999998,2.2241194245156377,0.0039733000012347475,E,1.0,True,1.0,0.0,1.03721642089168,6.699992809444666e-06,E,1.0,True,1.0,0.0,2.4307098862389127,3.9000005926936865e-06
171,6,7.008741497950256,328.71088106448036,0.498934130211949,E,17,E,0.7,True,0.7,0.12500000000000003,0.9381265870219031,0.00376769999274984,E,1.0,True,1.0,0.0,5.436844669665756,6.400005077011883e-06,E,1.0,True,1.0,0.0,2.4989317274914167,4.099987563677132e-06
172,4,3.0583229461354993,352.36915646898063,0.9127565079212651,B,15,B,0.75,True,0.75,0.10500000000000001,0.4076963263348064,0.003121099987765774,B,1.0,True,1.0,0.0,3.445917364416881,5.199995939619839e-06,B,1.0,True,1.0,0.0,0.59668224649485,3.4999975468963385e-06
173,6,10.016439326914465,1.8537124040831143,0.6099323675009537,C,46,E,0.45,False,0.4,0.57,22.391381166593163,0.003613200009567663,no_landing_within_horizon,1.0,False,0.0,2.0,,4.9000082071870565e-06,E,1.0,False,0.0,2.0,23.19094910108154,4.199988325126469e-06
174,4,11.550929666061862,127.1648834958687,0.44391394503189663,no_landing_within_horizon,,C,0.7,False,0.3,0.9799999999999999,,0.007626400009030476,no_landing_within_horizon,1.0,True,1.0,0.0,,1.3199998647905886e-05,C,1.0,False,0.0,2.0,,9.300012607127428e-06
175,5,4.036227210673838,103.85872460431573,0.5997427853369043,A,21,A,0.65,True,0.65,0.175,0.635831667794428,0.007744000002276152,no_landing_within_horizon,1.0,False,0.0,2.0,,8.400005754083395e-06,A,1.0,True,1.0,0.0,2.149576251107821,6.200003554113209e-06
176,3,4.391001890873717,232.1899558252716,0.2751165201138686,C,32,C,0.7,True,0.7,0.135,0.34229861132920014,0.006278899993048981,C,1.0,True,1.0,0.0,2.410986114412171,7.700000423938036e-06,C,1.0,True,1.0,0.0,1.6133132367586025,5.699999746866524e-06
177,5,11.02518227641493,270.4608678832659,0.5771573669648185,A,32,A,0.6,True,0.6,0.20500000000000004,0.42427600240974034,0.004525299998931587,no_landing_within_horizon,1.0,False,0.0,2.0,,6.000002031214535e-06,A,1.0,True,1.0,0.0,2.463037612507518,5.399997462518513e-06
178,5,8.251451779530482,278.7577216829769,0.530775194016909,C,36,C,0.8,True,0.8,0.05499999999999998,1.3337978108745117,0.004494799999520183,no_landing_within_horizon,1.0,False,0.0,2.0,,5.800000508315861e-06,B,1.0,False,0.0,2.0,26.17840765105635,4.799992893822491e-06
179,6,11.4269156462353,53.76218607620833,0.2947564040027655,F,42,F,0.55,True,0.55,0.30499999999999994,0.3184377988499476,0.00404780000098981,no_landing_within_horizon,1.0,False,0.0,2.0,,5.5000127758830786e-06,D,1.0,False,0.0,2.0,25.893704100189098,4.3000036384910345e-06
180,3,7.164242858164084,116.79932297736188,0.47037286437815806,A,26,A,0.6,True,0.6,0.24500000000000002,1.0021220791972736,0.0037185999972280115,no_landing_within_horizon,1.0,False,0.0,2.0,,4.1000021155923605e-06,A,1.0,True,1.0,0.0,1.8220196938579556,3.4999975468963385e-06
181,5,3.977853302007741,97.8620532252002,0.6170332182822686,A,44,C,0.4,False,0.35,0.6150000000000001,22.488318966827343,0.0038598999963141978,C,1.0,False,0.0,2.0,23.804386701897315,5.399997462518513e-06,C,1.0,False,0.0,2.0,21.93106312628876,3.3999967854470015e-06
182,6,11.453894306494018,236.954737565482,0.5407802445105329,D,34,D,0.55,True,0.55,0.285,0.1016413003343096,0.003866099999868311,no_landing_within_horizon,1.0,False,0.0,2.0,,5.399997462518513e-06,A,1.0,False,0.0,2.0,15.076675685764156,4.3000036384910345e-06
183,6,6.080519373789732,159.46459381532208,0.7898431567765687,B,16,B,0.9,True,0.9,0.014999999999999996,1.0037142168947772,0.007170500000938773,no_landing_within_horizon,1.0,False,0.0,2.0,,1.3600001693703234e-05,B,1.0,True,1.0,0.0,2.6037490087602,1.0199990356341004e-05
184,4,9.449270978373427,54.48064581825235,0.1740199703596837,C,44,C,0.55,True,0.55,0.30499999999999994,0.5581979562268351,0.006801800001994707,no_landing_within_horizon,1.0,False,0.0,2.0,,7.799986633472145e-06,B,1.0,False,0.0,2.0,15.451518007967351,6.000002031214535e-06
185,4,3.041677923185421,225.67128508964777,0.7401380748771205,no_landing_within_horizon,,C,0.55,False,0.0,1.405,,0.005048599996371195,no_landing_within_horizon,1.0,True,1.0,0.0,,5.399997462518513e-06,A,1.0,False,0.0,2.0,,4.699992132373154e-06
186,3,11.768311826327615,44.763051423246026,0.3325724009611669,C,30,C,0.75,True,0.75,0.095,0.833149734312114,0.004751200001919642,no_landing_within_horizon,1.0,False,0.0,2.0,,2.139998832717538e-05,A,1.0,False,0.0,2.0,18.335230536261715,1.6599995433352888e-05
187,5,9.982570915319275,79.67824089755547,0.8383644694088759,no_landing_within_horizon,,C,0.5,False,0.4,0.62,,0.004509799997322261,no_landing_within_horizon,1.0,True,1.0,0.0,,6.799993570894003e-06,C,1.0,False,0.0,2.0,,5.299996701069176e-06
188,4,2.8847771778148057,1.6209244284458135,0.34103325242459426,A,22,A,0.75,True,0.75,0.085,1.7521230672738979,0.006004099996061996,A,1.0,True,1.0,0.0,3.434806123621572,1.4500008546747267e-05,A,1.0,True,1.0,0.0,0.5043440389012377,8.099988917820156e-06
189,4,7.19758973424535,348.1924544899233,0.9613175605159363,B,41,A,0.75,False,0.05,1.505,59.26485810497683,0.003751399999600835,A,1.0,False,0.0,2.0,58.05868782793288,8.100003469735384e-06,A,1.0,False,0.0,2.0,61.03163630166711,4.899993655271828e-06
190,4,5.803862786704803,20.36072923363149,0.7602043844136724,A,44,A,0.7,True,0.7,0.12500000000000003,1.4275061315480733,0.003745199996046722,no_landing_within_horizon,1.0,False,0.0,2.0,,4.699992132373154e-06,A,1.0,True,1.0,0.0,0.6421740157934306,3.7999998312443495e-06
191,3,3.135700702275393,39.071417792656234,0.9384539591377635,A,29,C,0.65,False,0.05,1.415,27.659872871415264,0.004672399998526089,C,1.0,False,0.0,2.0,24.59732963862481,1.479999627918005e-05,A,1.0,True,1.0,0.0,2.218944094812515,9.099996532313526e-06
192,6,8.058843897533608,339.02320484727323,0.7736256234102432,E,31,E,0.9,True,0.9,0.019999999999999997,0.9402019433443325,0.005277000003843568,no_landing_within_horizon,1.0,False,0.0,2.0,,8.499991963617504e-06,E,1.0,True,1.0,0.0,2.9998170328254736,6.100002792663872e-06
193,5,1.8467018334140217,48.96663870574577,0.6746152684492326,C,18,C,0.7,True,0.7,0.18000000000000002,0.12827906762257388,0.008115099990391172,C,1.0,True,1.0,0.0,2.3912026864564124,1.5700003132224083e-05,A,1.0,False,0.0,2.0,26.482916508409023,1.0100004146806896e-05
194,6,3.5367577371286503,204.9265001893563,0.6458032260594436,D,32,D,0.35,True,0.35,0.5850000000000001,1.0277947730906167,0.006408799992641434,no_landing_within_horizon,1.0,False,0.0,2.0,,1.09999964479357e-05,C,1.0,False,0.0,2.0,31.78892070560539,7.599999662488699e-06
195,4,5.010187963732496,301.5005657910411,0.36535559446178356,D,29,D,0.95,True,0.95,0.0050000000000000044,0.44685124756337585,0.004829199999221601,no_landing_within_horizon,1.0,False,0.0,2.0,,6.100002792663872e-06,D,1.0,True,1.0,0.0,1.301132559937512,4.699992132373154e-06
196,4,7.255755187304814,236.19991850010555,0.8191361632228097,B,21,B,0.9,True,0.9,0.014999999999999996,1.1125192320090749,0.003928899997845292,no_landing_within_horizon,1.0,False,0.0,2.0,,4.3000036384910345e-06,B,1.0,True,1.0,0.0,0.9061055110239961,3.7999998312443495e-06
197,6,7.717586783566201,134.29433040075241,0.18525700876396164,B,25,B,0.65,True,0.65,0.16999999999999998,0.4028215532503181,0.00652789999730885,no_landing_within_horizon,1.0,False,0.0,2.0,,9.199997293762863e-06,B,1.0,True,1.0,0.0,2.3274123782068483,6.89999433234334e-06
198,4,5.709717572636837,216.2604355481887,0.7048330924015728,D,26,D,1.0,True,1.0,0.0,0.5830031397745281,0.003946400000131689,no_landing_within_horizon,1.0,False,0.0,2.0,,5.399997462518513e-06,D,1.0,True,1.0,0.0,1.431868241305601,4.0000013541430235e-06
199,4,11.783944010261553,133.2683241466489,0.957288793489221,no_landing_within_horizon,,no_landing_within_horizon,0.55,True,0.55,0.29,,0.004107400003704242,no_landing_within_horizon,1.0,True,1.0,0.0,,4.4000043999403715e-06,C,1.0,False,0.0,2.0,,3.600012860260904e-06
200,3,4.290174293653685,86.96053605794211,0.13975572415168838,C,17,C,1.0,True,1.0,0.0,0.32180726372672636,0.002883499997551553,C,1.0,True,1.0,0.0,3.106907899266792,1.309999788645655e-05,C,1.0,True,1.0,0.0,1.1159127913229865,8.200004231184721e-06
201,4,1.0828526985877236,76.37616210920221,0.3095013059333287,C,41,A,0.45,False,0.35,0.665,17.928398297241277,0.007418699999107048,no_landing_within_horizon,1.0,False,0.0,2.0,,2.3899992811493576e-05,C,1.0,True,1.0,0.0,1.0947687425240875,1.5199999324977398e-05
202,3,1.0705427514668693,12.641446949671753,0.1870008627154608,B,48,B,0.65,True,0.65,0.21499999999999997,0.6474677049009601,0.0076797000074293464,B,1.0,True,1.0,0.0,2.5402149183940383,9.799987310543656e-06,A,1.0,False,0.0,2.0,30.355253087664305,5.399997462518513e-06
203,4,2.458818103236435,345.54378960853734,0.5390964977107501,A,51,C,0.75,False,0.05,1.49,27.73237304324414,0.0037708000018028542,C,1.0,False,0.0,2.0,26.732370572000928,1.610000617802143e-05,C,1.0,False,0.0,2.0,27.78071948949984,9.2999980552122e-06
204,5,1.9665797790807669,219.81689792235915,0.7825067069761139,A,16,A,0.95,True,0.95,0.0050000000000000044,0.8195880586313994,0.005502200001501478,no_landing_within_horizon,1.0,False,0.0,2.0,,1.1399999493733048e-05,A,1.0,True,1.0,0.0,1.4481536296322053,8.899995009414852e-06
205,5,1.7556754239192887,128.39963125354916,0.4080924333209778,A,13,A,0.9,True,0.9,0.014999999999999996,1.7910473736621675,0.0026288999943062663,A,1.0,True,1.0,0.0,1.303531335099622,6.999995093792677e-06,A,1.0,True,1.0,0.0,2.038747493395674,4.1000021155923605e-06
206,5,10.424062501013294,89.61155048790783,0.2650368668372024,B,13,B,0.9,True,0.9,0.014999999999999996,0.4542470208366905,0.0038835000013932586,B,1.0,True,1.0,0.0,4.961986102887744,1.6299993149004877e-05,B,1.0,True,1.0,0.0,2.100292563747251,8.899995009414852e-06
207,3,0.009487592059760352,261.0745845157748,0.20916639086061484,B,27,B,1.0,True,1.0,0.0,1.2517433735141068,0.004501199990045279,B,1.0,True,1.0,0.0,3.4198789136469463,1.410000550094992e-05,B,1.0,True,1.0,0.0,0.48630320853540554,8.59999272506684e-06
208,6,11.528169270203911,37.5298483048051,0.1737075505201789,E,32,E,0.6,True,0.6,0.22500000000000003,0.315762972400592,0.005847699998412281,E,1.0,True,1.0,0.0,4.9170318053721065,8.29999044071883e-06,E,1.0,True,1.0,0.0,2.6405311395298448,4.6000059228390455e-06
209,5,11.607702246252561,270.50754914646234,0.12594386876335656,B,13,B,0.95,True,0.95,0.0050000000000000044,0.37406746139660346,0.003473200005828403,B,1.0,True,1.0,0.0,5.2302972580181475,6.000002031214535e-06,B,1.0,True,1.0,0.0,2.71772925365253,3.6999990697950125e-06
210,4,11.784492241242258,32.93101865183207,0.9587630353855061,no_landing_within_horizon,,C,0.8,False,0.15,1.365,,0.006318599989754148,no_landing_within_horizon,1.0,True,1.0,0.0,,1.0099989594891667e-05,C,1.0,False,0.0,2.0,,8.300004992634058e-06
211,3,11.91081910178534,349.53506166620235,0.17132232070154013,no_landing_within_horizon,,A,0.8,False,0.15,1.365,,0.004582800000207499,no_landing_within_horizon,1.0,True,1.0,0.0,,6.100002792663872e-06,A,1.0,False,0.0,2.0,,5.099995178170502e-06
212,3,7.100253869403927,199.24127009105894,0.2586208230349034,C,35,C,0.7,True,0.7,0.12500000000000003,1.3295445843404659,0.0036352000024635345,no_landing_within_horizon,1.0,False,0.0,2.0,,4.0000013541430235e-06,B,1.0,False,0.0,2.0,64.79559049759928,3.1999952625483274e-06
213,3,11.784880873986152,288.79781881486895,0.3798791255455919,A,42,B,0.55,False,0.1,1.235,24.84668029286958,0.00586940000357572,no_landing_within_horizon,1.0,False,0.0,2.0,,5.800000508315861e-06,B,1.0,False,0.0,2.0,25.913845038480336,4.5000051613897085e-06
214,3,9.461257777125715,77.88714026878198,0.9291937152036097,no_landing_within_horizon,,no_landing_within_horizon,0.6,True,0.6,0.24500000000000002,,0.0038545999996131286,no_landing_within_horizon,1.0,True,1.0,0.0,,3.9000005926936865e-06,A,1.0,False,0.0,2.0,,3.4999975468963385e-06
215,6,7.810438405878313,21.319202055964816,0.42422892118810673,D,32,D,0.55,True,0.55,0.285,0.6942895053194378,0.0067051999940304086,no_landing_within_horizon,1.0,False,0.0,2.0,,7.499998901039362e-06,B,1.0,False,0.0,2.0,26.90183677922266,5.800000508315861e-06
216,6,7.424567829346071,199.4333732350913,0.3950207178376861,no_landing_within_horizon,,F,0.3,False,0.3,0.6599999999999999,,0.011263500011409633,F,1.0,False,0.0,2.0,,1.7999991541728377e-05,E,1.0,False,0.0,2.0,,1.0500007192604244e-05
217,5,9.916080136553203,204.0002957318926,0.973938018509211,B,45,no_landing_within_horizon,0.5,False,0.4,0.615,,0.007070399995427579,E,1.0,False,0.0,2.0,14.621562555487474,9.399998816661537e-06,B,1.0,True,1.0,0.0,2.52592015875765,5.399997462518513e-06
218,5,1.8499987836389482,263.403772405093,0.2931233870083377,E,29,A,0.55,False,0.35,0.7300000000000001,14.820164823640457,0.0029023999959463254,A,1.0,False,0.0,2.0,17.03745599295434,5.399997462518513e-06,A,1.0,False,0.0,2.0,14.207819418825173,3.1999952625483274e-06
219,3,0.7383687472144445,69.24347614024359,0.22992278769695101,no_landing_within_horizon,,C,0.4,False,0.25,0.845,,0.005496500001754612,no_landing_within_horizon,1.0,True,1.0,0.0,,7.800001185387373e-06,A,1.0,False,0.0,2.0,,5.299996701069176e-06
220,6,8.217842831419457,198.44778856128477,0.1845744927522634,E,27,E,0.85,True,0.85,0.03500000000000001,1.0391571120230787,0.004948900008457713,no_landing_within_horizon,1.0,False,0.0,2.0,,6.699992809444666e-06,E,1.0,True,1.0,0.0,2.7147196196176493,4.8000074457377195e-06
221,4,3.658160267288925,143.67158898628955,0.9964119949955871,C,28,B,0.8,False,0.15,1.365,17.12308435570482,0.00345579998975154,no_landing_within_horizon,1.0,False,0.0,2.0,,4.0000013541430235e-06,B,1.0,False,0.0,2.0,16.033850918079345,3.3999967854470015e-06
222,4,8.392683902990855,35.77021232940686,0.1474615640487373,C,42,C,0.8,True,0.8,0.06499999999999997,0.10234862415695443,0.0031537000031676143,no_landing_within_horizon,1.0,False,0.0,2.0,,3.7999998312443495e-06,D,1.0,False,0.0,2.0,36.022896776110954,3.1999952625483274e-06
223,4,5.995542401766306,32.48547939833925,0.8640377590719102,C,41,C,0.55,True,0.55,0.285,0.8774220250125842,0.006905899994308129,no_landing_within_horizon,1.0,False,0.0,2.0,,1.270000939257443e-05,C,1.0,True,1.0,0.0,2.6675675401382155,9.099996532313526e-06
224,6,10.228476245818458,190.6342603514608,0.7166265246559655,F,43,F,0.5,True,0.5,0.33,0.9550919900760508,0.005549499997869134,no_landing_within_horizon,1.0,False,0.0,2.0,,1.1399999493733048e-05,F,1.0,True,1.0,0.0,2.908377689297082,8.699993486516178e-06
225,6,7.803519025130411,26.880917233230328,0.5876062475044543,B,18,B,0.5,True,0.5,0.345,0.5095895871439323,0.006648599999607541,C,1.0,False,0.0,2.0,54.077903040162525,1.610000617802143e-05,B,1.0,True,1.0,0.0,2.402799355811943,9.399998816661537e-06
226,6,7.080872348656458,348.39664935970114,0.6011434326922176,B,34,E,0.4,False,0.35,0.6050000000000001,18.667958985135073,0.007350600004428998,F,1.0,False,0.0,2.0,21.651528245104057,1.7400001524947584e-05,B,1.0,True,1.0,0.0,2.566330481588289,9.60000033956021e-06
227,4,7.41990183437522,271.95441541890403,0.22315885851580952,D,15,D,0.8,True,0.8,0.07999999999999999,0.5851610555254043,0.004419099990627728,D,1.0,True,1.0,0.0,4.117221033151966,8.200004231184721e-06,D,1.0,True,1.0,0.0,1.5860641938307214,4.799992893822491e-06
228,5,6.830514454354288,331.7482494079755,0.11496180339001072,B,31,B,0.8,True,0.8,0.06499999999999997,0.3628078795049033,0.006698900004266761,no_landing_within_horizon,1.0,False,0.0,2.0,,1.200000406242907e-05,A,1.0,False,0.0,2.0,16.29533860670244,9.300012607127428e-06
229,5,11.727853156660103,75.83141856496243,0.13190432420335016,D,43,D,0.75,True,0.75,0.10500000000000001,0.5588446930934687,0.005726300005335361,no_landing_within_horizon,1.0,False,0.0,2.0,,6.600006599910557e-06,B,1.0,False,0.0,2.0,24.640594483074103,5.099995178170502e-06
230,5,3.072618310290099,94.58186316351858,0.1016309050044086,A,42,E,0.8,False,0.2,1.2800000000000002,15.517251980548034,0.0027916999970329925,no_landing_within_horizon,1.0,False,0.0,2.0,,5.099995178170502e-06,E,1.0,False,0.0,2.0,15.830511456259817,4.1000021155923605e-06
231,3,1.1963752211090637,44.6458477165617,0.4425995479869893,A,21,A,0.9,True,0.9,0.014999999999999996,1.2514331347730565,0.00337289999879431,A,1.0,True,1.0,0.0,2.501503911187017,5.099995178170502e-06,A,1.0,True,1.0,0.0,1.09886398633465,3.3999967854470015e-06
232,5,5.480714828165976,46.5863380959486,0.9527404558285306,D,24,D,0.75,True,0.75,0.09,1.6643367380499436,0.00282169999263715,no_landing_within_horizon,1.0,False,0.0,2.0,,4.1000021155923605e-06,D,1.0,True,1.0,0.0,2.828126292115904,3.2999960239976645e-06
233,3,5.2590937381240845,292.9189624515825,0.4235282291273488,B,36,B,0.55,True,0.55,0.32999999999999996,1.2745207031826407,0.0053884000080870464,no_landing_within_horizon,1.0,False,0.0,2.0,,8.100003469735384e-06,C,1.0,False,0.0,2.0,32.911077669958615,7.399998139590025e-06
234,4,9.973794547626245,6.526382702912308,0.26127223801144517,B,14,B,0.8,True,0.8,0.059999999999999984,1.4753962835873837,0.005739199987147003,A,1.0,False,0.0,2.0,12.578887480407953,1.0200004908256233e-05,B,1.0,True,1.0,0.0,2.195932598009167,7.100010407157242e-06
235,5,6.588227329820644,30.726509411139965,0.921264872784183,E,25,D,0.8,False,0.1,1.455,22.3855855547322,0.005266799998935312,D,1.0,False,0.0,2.0,23.55816964949164,9.099996532313526e-06,D,1.0,False,0.0,2.0,21.584728934843344,6.000002031214535e-06
236,5,10.87081690869595,94.7558171759805,0.36019612180425464,no_landing_within_horizon,,E,0.45,False,0.4,0.585,,0.003722800000105053,no_landing_within_horizon,1.0,True,1.0,0.0,,5.49999822396785e-06,A,1.0,False,0.0,2.0,,3.6999990697950125e-06
237,6,2.1906427172887755,151.46403766512753,0.19183204545613874,E,19,E,0.7,True,0.7,0.11500000000000003,1.8357971403637903,0.003661199996713549,E,1.0,True,1.0,0.0,3.10463616268257,6.699992809444666e-06,E,1.0,True,1.0,0.0,0.8526777913868767,4.3000036384910345e-06
238,5,7.848297397719545,63.54466144563385,0.7051914986978973,D,17,D,0.4,True,0.4,0.5,0.996027925658532,0.003858799987938255,D,1.0,True,1.0,0.0,5.235178867393389,1.4699995517730713e-05,D,1.0,True,1.0,0.0,2.235179854771084,8.799994247965515e-06
239,6,5.261190063923016,351.10890849773784,0.29754957464211623,F,54,F,0.45,True,0.45,0.4,2.2823131971721016,0.005443599991849624,F,1.0,True,1.0,0.0,2.492463620386686,9.2999980552122e-06,C,1.0,False,0.0,2.0,19.703902834713677,5.699999746866524e-06
240,6,6.149483756682708,270.648224378552,0.35564942661862564,B,46,F,0.45,False,0.1,1.175,26.208050378359943,0.003872500004945323,B,1.0,True,1.0,0.0,2.6187485421160424,7.199996616691351e-06,F,1.0,False,0.0,2.0,25.119776265894043,4.599991370923817e-06
241,4,11.848968296813815,128.64810036366305,0.35447878041977465,D,47,D,0.65,True,0.65,0.175,0.3315309616169273,0.0034516000014264137,no_landing_within_horizon,1.0,False,0.0,2.0,,4.0000013541430235e-06,D,1.0,True,1.0,0.0,2.978783574232153,2.9999937396496534e-06
242,5,5.279882170107909,298.0612955640995,0.8626494085804983,D,21,D,0.65,True,0.65,0.21499999999999997,0.45534097393298073,0.003120699999271892,no_landing_within_horizon,1.0,False,0.0,2.0,,4.8000074457377195e-06,A,1.0,False,0.0,2.0,21.950881748268518,3.7999998312443495e-06
243,6,0.36273320956227284,131.57210785870342,0.2464673939231964,E,12,E,0.95,True,0.95,0.0050000000000000044,0.9385079967938524,0.001818199991248548,E,1.0,True,1.0,0.0,1.4171452116622698,5.49999822396785e-06,E,1.0,True,1.0,0.0,1.5889948328793277,3.5999983083456755e-06
244,6,4.444829531280011,155.5306809508182,0.45091518818969245,C,15,C,0.95,True,0.95,0.0050000000000000044,0.31257466667594674,0.002082699997117743,no_landing_within_horizon,1.0,False,0.0,2.0,,4.899993655271828e-06,C,1.0,True,1.0,0.0,1.1460863390149172,4.2000028770416975e-06
245,6,10.873116456901824,276.97879254847624,0.6831939128161234,D,50,no_landing_within_horizon,0.55,False,0.15,1.06,,0.003873100009514019,no_landing_within_horizon,1.0,False,0.0,2.0,,5.0000089686363935e-06,F,1.0,False,0.0,2.0,49.94798416585964,3.9000005926936865e-06
246,5,2.7103820822632603,49.77483221059346,0.930545794426645,A,38,E,0.75,False,0.05,1.505,21.92532628220385,0.002445700010866858,D,1.0,False,0.0,2.0,10.917931573886552,5.600013537332416e-06,E,1.0,False,0.0,2.0,22.45599842435725,3.700013621710241e-06
247,4,10.612039769170295,323.9050713967253,0.4982236246485715,C,17,C,0.6,True,0.6,0.21500000000000005,0.7260311151251493,0.0035268999927211553,no_landing_within_horizon,1.0,False,0.0,2.0,,3.9000005926936865e-06,C,1.0,True,1.0,0.0,2.9788391885097916,3.2999960239976645e-06
248,5,11.653297683545832,325.0050003885244,0.33658341424276955,C,29,C,0.55,True,0.55,0.25999999999999995,0.31180858346693396,0.0034842000022763386,C,1.0,True,1.0,0.0,5.071310356649449,5.900001269765198e-06,C,1.0,True,1.0,0.0,2.993968610931036,3.5999983083456755e-06
249,5,4.657514042783058,19.46265082834362,0.2081411585750827,E,17,E,0.85,True,0.85,0.03500000000000001,0.3891878241821884,0.0060831000009784475,E,1.0,True,1.0,0.0,2.6866714689893656,1.340000017080456e-05,E,1.0,True,1.0,0.0,1.002542597368892,7.90000194683671e-06
250,4,6.108313797311359,343.5911557591336,0.9521906480605643,D,18,D,0.7,True,0.7,0.15500000000000003,1.5720099546771602,0.005673400009982288,no_landing_within_horizon,1.0,False,0.0,2.0,,5.900001269765198e-06,D,1.0,True,1.0,0.0,2.3041933000027557,5.099995178170502e-06
251,3,11.573042163398664,292.96273681793355,0.23371383658417114,B,57,B,0.7,True,0.7,0.14000000000000004,0.6232341754274262,0.006831400009104982,no_landing_within_horizon,1.0,False,0.0,2.0,,7.499998901039362e-06,A,1.0,False,0.0,2.0,45.36869931875179,5.699999746866524e-06
252,6,11.22968564877424,330.4169397605322,0.8675669411132542,D,31,no_landing_within_horizon,0.55,False,0.3,0.815,,0.004129500011913478,D,1.0,True,1.0,0.0,0.9296166833521502,6.000002031214535e-06,D,1.0,True,1.0,0.0,2.080291193058202,4.0000013541430235e-06
253,5,0.4698619862826603,71.83839402753648,0.9943103989909535,C,56,D,0.9,False,0.05,1.715,20.92498205255429,0.0036045000015292317,no_landing_within_horizon,1.0,False,0.0,2.0,,4.799992893822491e-06,D,1.0,False,0.0,2.0,21.212060340527607,3.9000005926936865e-06
254,4,5.135288745907671,34.79262824010661,0.39215740404061794,B,18,B,0.8,True,0.8,0.05499999999999998,0.8464087272352994,0.0033647999953245744,no_landing_within_horizon,1.0,False,0.0,2.0,,4.0000013541430235e-06,B,1.0,True,1.0,0.0,2.4994666900316713,3.3999967854470015e-06
255,3,8.850605821007449,81.71800100541085,0.3943518909768009,B,25,B,0.7,True,0.7,0.15500000000000003,1.3523580653535907,0.004508899990469217,no_landing_within_horizon,1.0,False,0.0,2.0,,4.8000074457377195e-06,B,1.0,True,1.0,0.0,2.48657068343256,4.799992893822491e-06
256,4,2.8491084817655765,285.4305765979247,0.28740319374189016,no_landing_within_horizon,,B,0.6,False,0.2,1.04,,0.0036235000006854534,D,1.0,False,0.0,2.0,,5.699999746866524e-06,B,1.0,False,0.0,2.0,,3.4999975468963385e-06
257,6,3.3587384057680123,264.196826453901,0.2297741542376948,F,23,F,0.95,True,0.95,0.0050000000000000044,0.8729512479659134,0.003364000003784895,no_landing_within_horizon,1.0,False,0.0,2.0,,5.099995178170502e-06,F,1.0,True,1.0,0.0,1.2267921523060368,4.0000013541430235e-06
258,5,0.35570433660452894,46.89747868770127,0.6371052314011597,C,18,C,0.85,True,0.85,0.030000000000000006,0.614612980958137,0.002773399988655001,C,1.0,True,1.0,0.0,3.1762185065135755,5.399997462518513e-06,C,1.0,True,1.0,0.0,0.5356039001725377,4.1000021155923605e-06
259,3,6.860879116762662,301.847672261622,0.6640004562661863,A,38,A,0.8,True,0.8,0.06499999999999997,1.2970386601599841,0.004288299998734146,no_landing_within_horizon,1.0,False,0.0,2.0,,4.699992132373154e-06,A,1.0,True,1.0,0.0,2.7493227351433283,4.1000021155923605e-06
260,6,4.302712603144184,135.48311118697566,0.4294451446365063,B,14,B,0.9,True,0.9,0.019999999999999997,0.5731323949648067,0.0022163000103319064,B,1.0,True,1.0,0.0,4.060892140368859,6.099988240748644e-06,B,1.0,True,1.0,0.0,1.0975058822968755,3.7999998312443495e-06
261,4,2.9909329086986465,302.1509819272713,0.9974854688777187,D,26,D,0.55,True,0.55,0.25499999999999995,0.6672622683585965,0.004143099999055266,no_landing_within_horizon,1.0,False,0.0,2.0,,4.8000074457377195e-06,D,1.0,True,1.0,0.0,0.5036428867048929,4.1000021155923605e-06
262,5,11.779028093716036,189.18353956444824,0.7781558564931613,C,24,C,1.0,True,1.0,0.0,0.8851803101593012,0.0033170999959111214,no_landing_within_horizon,1.0,False,0.0,2.0,,5.800000508315861e-06,C,1.0,True,1.0,0.0,2.5025858546103117,5.099995178170502e-06
263,6,10.808303253785109,285.4618430075162,0.9680357942973778,B,46,no_landing_within_horizon,0.75,False,0.25,1.125,,0.00463750000926666,no_landing_within_horizon,1.0,False,0.0,2.0,,6.50000583846122e-06,B,1.0,True,1.0,0.0,2.677790017934959,5.699999746866524e-06
264,3,7.569913051246743,144.13315304320136,0.130375143983347,C,27,C,1.0,True,1.0,0.0,1.4831224432235384,0.002265199989778921,no_landing_within_horizon,1.0,False,0.0,2.0,,4.5000051613897085e-06,C,1.0,True,1.0,0.0,2.7965313186124314,3.5999983083456755e-06
265,5,2.1927566326865153,122.59354560097586,0.4362977053575583,B,15,B,0.8,True,0.8,0.06499999999999997,3.3603024355678164,0.0037325000012060627,no_landing_within_horizon,1.0,False,0.0,2.0,,4.799992893822491e-06,B,1.0,True,1.0,0.0,2.7826541655742374,4.0000013541430235e-06
266,4,10.364911778999897,82.49893209034025,0.5595112825483565,A,33,B,0.65,False,0.2,1.0850000000000002,28.145250137035745,0.004006400005891919,D,1.0,False,0.0,2.0,20.5120069495261,6.000002031214535e-06,B,1.0,False,0.0,2.0,30.476310379490695,3.7999998312443495e-06
267,5,3.2506509010057534,258.3550564633121,0.5714350235151767,C,26,C,0.7,True,0.7,0.12500000000000003,0.1703391294516711,0.0046138000034261495,no_landing_within_horizon,1.0,False,0.0,2.0,,6.200003554113209e-06,C,1.0,True,1.0,0.0,1.7223976726970867,5.3000112529844046e-06
268,5,1.517281505227873,153.41612605942353,0.7460151110431769,B,55,D,0.7,False,0.05,1.4349999999999998,31.857825768979197,0.004323699991800822,B,1.0,True,1.0,0.0,3.9003402610973783,1.2999997125007212e-05,C,1.0,False,0.0,2.0,48.744539938774274,7.499998901039362e-06
269,6,2.877711481787808,232.52613278211126,0.29715584327580313,D,24,D,0.85,True,0.85,0.030000000000000006,0.44213534150287764,0.005110300000524148,D,1.0,True,1.0,0.0,3.0171647916194737,8.000002708286047e-06,D,1.0,True,1.0,0.0,0.6799981336399644,4.999994416721165e-06
270,5,10.461943279531146,193.85691400673375,0.40960282044909646,no_landing_within_horizon,,C,0.95,False,0.05,1.805,,0.005478799997945316,C,1.0,False,0.0,2.0,,1.0000003385357559e-05,C,1.0,False,0.0,2.0,,5.599998985417187e-06
271,6,0.58470732021719,105.96888728657099,0.5344407883913604,A,21,A,0.75,True,0.75,0.095,0.922984790547986,0.005202500004088506,no_landing_within_horizon,1.0,False,0.0,2.0,,7.100010407157242e-06,A,1.0,True,1.0,0.0,0.6043827979198779,5.399997462518513e-06
272,3,1.9182699373100585,221.99620225509221,0.8011888760328385,C,54,B,0.65,False,0.25,0.99,21.63601029680469,0.0045310000132303685,no_landing_within_horizon,1.0,False,0.0,2.0,,6.800008122809231e-06,A,1.0,False,0.0,2.0,50.236175262443695,5.89998671784997e-06
273,3,0.6056207601456371,353.2492694254932,0.6514420942119367,A,15,A,0.8,True,0.8,0.07999999999999999,2.1445846681062304,0.002700800003367476,A,1.0,True,1.0,0.0,2.812225638222041,6.800008122809231e-06,A,1.0,True,1.0,0.0,2.4483150260145834,4.3000036384910345e-06
274,5,11.739676126266247,13.437317756533425,0.3143603120442924,C,54,B,0.6,False,0.0,1.4849999999999999,29.08058031821684,0.0131322000088403,B,1.0,False,0.0,2.0,24.114557685568034,1.1399999493733048e-05,C,1.0,True,1.0,0.0,2.722968804360992,6.900008884258568e-06
275,3,4.034454388665882,86.12947667821324,0.739280910913501,B,29,B,0.95,True,0.95,0.0050000000000000044,1.093367953216703,0.005380700007663108,no_landing_within_horizon,1.0,False,0.0,2.0,,6.300004315562546e-06,B,1.0,True,1.0,0.0,2.0186263763656154,5.900001269765198e-06
276,5,7.226262237589713,51.76531445046702,0.4032059027540629,D,23,D,0.95,True,0.95,0.0050000000000000044,1.6828773049924608,0.003996699990238994,no_landing_within_horizon,1.0,False,0.0,2.0,,5.49999822396785e-06,D,1.0,True,1.0,0.0,2.9791851279527957,4.0000013541430235e-06
277,3,4.8752136569915425,18.46129594780642,0.23165871350445075,C,37,C,0.8,True,0.8,0.07999999999999999,0.6174260807409363,0.005396000007749535,C,1.0,True,1.0,0.0,0.9004966117732814,9.700001101009548e-06,C,1.0,True,1.0,0.0,2.236277382929677,6.100002792663872e-06
278,5,4.327225719115451,190.87737050038186,0.15021088066762733,A,18,A,0.9,True,0.9,0.014999999999999996,0.6479524491119962,0.005682100003468804,no_landing_within_horizon,1.0,False,0.0,2.0,,8.800008799880743e-06,A,1.0,True,1.0,0.0,2.4483124283236046,6.399990525096655e-06
279,5,0.5560856395080012,159.8985500526073,0.7241046458856689,A,24,A,0.9,True,0.9,0.014999999999999996,0.8337950831827526,0.0039868999883765355,no_landing_within_horizon,1.0,False,0.0,2.0,,6.100002792663872e-06,A,1.0,True,1.0,0.0,0.3208487363490946,4.599991370923817e-06
280,4,0.8767684503691355,118.77440683312628,0.40581830712005273,A,32,B,0.7,False,0.0,1.54,31.697409055384167,0.00712059999932535,C,1.0,False,0.0,2.0,37.21875588499872,1.1199997970834374e-05,A,1.0,True,1.0,0.0,1.2495797922851761,6.300004315562546e-06
281,5,10.862797598283363,269.6995799829415,0.43209703217731854,E,17,E,0.85,True,0.85,0.030000000000000006,0.4640539477652102,0.004330600000685081,E,1.0,True,1.0,0.0,4.524374903678215,7.90000194683671e-06,D,1.0,False,0.0,2.0,24.68579849661243,4.999994416721165e-06
282,6,2.3784826766335985,87.59510306589193,0.12913274888023243,E,19,E,0.75,True,0.75,0.085,0.3948027600855065,0.003955099993618205,E,1.0,True,1.0,0.0,2.0224744239652894,7.299997378140688e-06,E,1.0,True,1.0,0.0,1.050451324724815,5.0000089686363935e-06
283,3,3.734232640580055,166.14893170836555,0.4553237120291248,A,15,A,0.7,True,0.7,0.14000000000000004,1.3803384873957318,0.0027805999998236075,A,1.0,True,1.0,0.0,2.3488037710844356,5.49999822396785e-06,A,1.0,True,1.0,0.0,1.0051861798145183,3.5999983083456755e-06
284,3,10.473978714318108,336.08994995953617,0.5145970069514496,C,24,C,0.95,True,0.95,0.0050000000000000044,0.6309791859197629,0.003947599994717166,C,1.0,True,1.0,0.0,5.540635407555217,8.699993486516178e-06,C,1.0,True,1.0,0.0,2.933780195587239,5.299996701069176e-06
285,5,5.7367797073012134,29.28541751540889,0.3996550222392279,E,37,E,0.85,True,0.85,0.03500000000000001,0.44196445129262435,0.004780699993716553,no_landing_within_horizon,1.0,False,0.0,2.0,,6.999995093792677e-06,D,1.0,False,0.0,2.0,21.958596856557264,5.49999822396785e-06
286,4,1.0362445526736108,58.63756487024355,0.1418530538784911,D,53,A,0.65,False,0.0,1.5150000000000001,28.993784833652683,0.004729299995233305,no_landing_within_horizon,1.0,False,0.0,2.0,,5.800000508315861e-06,B,1.0,False,0.0,2.0,39.26347377826134,5.099995178170502e-06
287,6,4.836897823551971,51.65840243236384,0.3279186902524831,F,46,D,0.65,False,0.0,1.5150000000000001,26.689313238940162,0.006637600003159605,no_landing_within_horizon,1.0,False,0.0,2.0,,9.2999980552122e-06,D,1.0,False,0.0,2.0,26.69568524581098,6.599992047995329e-06
288,3,11.520233941937516,263.5992037944868,0.5795001624302527,A,26,A,0.75,True,0.75,0.095,0.6365047153918045,0.006141999998362735,no_landing_within_horizon,1.0,False,0.0,2.0,,7.299997378140688e-06,A,1.0,True,1.0,0.0,2.9283371913421914,6.200003554113209e-06
289,5,7.074160802902524,272.77742249791817,0.14976129774882285,E,27,E,0.9,True,0.9,0.014999999999999996,0.514937353204322,0.00432260001252871,no_landing_within_horizon,1.0,False,0.0,2.0,,7.599999662488699e-06,E,1.0,True,1.0,0.0,2.699889057543578,5.699999746866524e-06
290,4,8.733954797525092,219.58011608844717,0.3412112051200352,D,15,D,0.75,True,0.75,0.10500000000000001,0.23962042987777846,0.004554600003757514,no_landing_within_horizon,1.0,False,0.0,2.0,,6.50000583846122e-06,D,1.0,True,1.0,0.0,1.967423495710663,5.49999822396785e-06
291,3,4.550426530908041,109.75056491115558,0.11959273372769975,A,20,A,1.0,True,1.0,0.0,0.37661752835921425,0.0026911000022664666,A,1.0,True,1.0,0.0,3.494000206846494,7.499998901039362e-06,A,1.0,True,1.0,0.0,0.6697989048887775,5.399997462518513e-06
292,6,11.276275392177862,200.92066144576765,0.36873899116789854,E,40,E,0.5,True,0.5,0.42000000000000004,0.9250399808995542,0.004691399997682311,no_landing_within_horizon,1.0,False,0.0,2.0,,6.499991286545992e-06,E,1.0,True,1.0,0.0,2.6648579484235926,5.199995939619839e-06
293,3,11.045051838434924,103.30113401819558,0.22244479984971777,A,43,A,0.8,True,0.8,0.05499999999999998,0.41929550325551906,0.006452000001445413,no_landing_within_horizon,1.0,False,0.0,2.0,,6.499991286545992e-06,A,1.0,True,1.0,0.0,2.6890430660318265,5.49999822396785e-06
294,3,2.00672774717136,308.21237597327087,0.3301203614280241,B,35,B,0.85,True,0.85,0.03500000000000001,0.816147829542569,0.0037576000031549484,B,1.0,True,1.0,0.0,2.9131552921118917,9.399998816661537e-06,A,1.0,False,0.0,2.0,22.35147511654486,5.599998985417187e-06
295,3,5.218945585173725,352.39022145712175,0.47187904931686064,A,59,C,0.8,False,0.0,1.6600000000000001,31.007493802831814,0.005016099996282719,no_landing_within_horizon,1.0,False,0.0,2.0,,7.299997378140688e-06,C,1.0,False,0.0,2.0,29.8758295162509,5.699999746866524e-06
296,3,9.48756602259864,9.06394033204801,0.6300079918084815,A,52,C,0.5,False,0.15,1.095,23.797751233331397,0.005110600002808496,no_landing_within_horizon,1.0,False,0.0,2.0,,5.49999822396785e-06,C,1.0,False,0.0,2.0,24.741366500845153,4.899993655271828e-06
297,3,4.989111130280475,34.33070674819753,0.9905030219640234,A,50,A,0.5,True,0.5,0.455,1.4904468005144644,0.003617800000938587,A,1.0,True,1.0,0.0,2.8886227523181045,5.0000089686363935e-06,C,1.0,False,0.0,2.0,33.0639152008281,3.000008291564882e-06
298,4,7.3371399297039925,133.69647479921233,0.5860502120882786,D,23,D,0.7,True,0.7,0.15500000000000003,0.725824473675001,0.0035479000071063638,no_landing_within_horizon,1.0,False,0.0,2.0,,4.2000028770416975e-06,D,1.0,True,1.0,0.0,2.2739874707348577,3.3999967854470015e-06
299,6,9.219674703046406,167.15189252021844,0.8072657160559801,F,29,B,0.55,False,0.4,0.665,15.896785500774621,0.0035936000058427453,B,1.0,False,0.0,2.0,12.411512515200302,6.699992809444666e-06,B,1.0,False,0.0,2.0,14.333836334266449,4.2000028770416975e-06
300,3,9.551877892094879,231.58406308981313,0.8904588256647319,no_landing_within_horizon,,no_landing_within_horizon,0.75,True,0.75,0.125,,0.004713100002845749,no_landing_within_horizon,1.0,True,1.0,0.0,,3.9000005926936865e-06,B,1.0,False,0.0,2.0,,3.1999952625483274e-06
301,3,9.095724249495138,64.6853103650078,0.960289867021432,B,27,B,0.9,True,0.9,0.019999999999999997,1.0118106731226457,0.005154200000106357,no_landing_within_horizon,1.0,False,0.0,2.0,,4.6000059228390455e-06,B,1.0,True,1.0,0.0,2.4473490765186012,3.9000005926936865e-06
302,6,5.084393813868589,232.5117452262975,0.8887854164492686,E,21,E,0.5,True,0.5,0.375,1.5711469735309624,0.010003500006860122,no_landing_within_horizon,1.0,False,0.0,2.0,,1.1099997209385037e-05,E,1.0,True,1.0,0.0,2.322311078123303,3.789999755099416e-05
303,4,11.375826476988017,297.62760789556916,0.6142183835943328,C,20,C,1.0,True,1.0,0.0,0.9168732687627382,0.005885699996724725,no_landing_within_horizon,1.0,False,0.0,2.0,,1.1299998732283711e-05,C,1.0,True,1.0,0.0,1.7577961871935415,9.700001101009548e-06
304,6,0.9266582423537231,224.02418132262116,0.39984187826446616,B,22,B,0.6,True,0.6,0.255,1.8781860824041194,0.007325099999434315,B,1.0,True,1.0,0.0,0.7972101590721674,1.619999238755554e-05,B,1.0,True,1.0,0.0,2.230953554894936,6.50000583846122e-06
305,4,4.848623495325773,236.83352463417341,0.2332697174375975,D,20,D,0.65,True,0.65,0.18999999999999997,1.0023545977646025,0.004847399992286228,no_landing_within_horizon,1.0,False,0.0,2.0,,1.239999255631119e-05,D,1.0,True,1.0,0.0,2.3749675191074973,9.499999578110874e-06
306,6,11.259567155507415,105.92278473440828,0.14007993379911463,no_landing_within_horizon,,A,0.5,False,0.5,0.5,,0.014402299988432787,no_landing_within_horizon,1.0,True,1.0,0.0,,8.999995770864189e-06,F,1.0,False,0.0,2.0,,6.700007361359894e-06
307,6,6.688673805560814,86.31976339696448,0.6918772414711243,A,36,E,0.3,False,0.2,0.7900000000000001,23.254736666767588,0.008550900005502626,no_landing_within_horizon,1.0,False,0.0,2.0,,6.799993570894003e-06,C,1.0,False,0.0,2.0,45.07823322958104,5.800000508315861e-06
308,5,11.908707397587898,116.82561216050117,0.19332034788610147,no_landing_within_horizon,,B,0.65,False,0.35,0.8450000000000001,,0.014437100006034598,A,1.0,False,0.0,2.0,,1.1099997209385037e-05,B,1.0,False,0.0,2.0,,6.100002792663872e-06
309,5,9.889380585659977,26.428611997306668,0.5999270949419778,no_landing_within_horizon,,E,0.55,False,0.35,0.7350000000000001,,0.004506199999013916,no_landing_within_horizon,1.0,True,1.0,0.0,,4.899993655271828e-06,B,1.0,False,0.0,2.0,,4.0000013541430235e-06
310,3,4.955253122062892,8.689264893401223,0.519138891904753,B,31,B,0.55,True,0.55,0.27499999999999997,2.0969839162328405,0.004298799991374835,no_landing_within_horizon,1.0,False,0.0,2.0,,4.5000051613897085e-06,C,1.0,False,0.0,2.0,38.96417284703794,4.199988325126469e-06
311,4,3.757275577985468,245.06549812895557,0.14934027396517566,A,30,A,0.9,True,0.9,0.019999999999999997,0.9045667378535996,0.005294500006129965,no_landing_within_horizon,1.0,False,0.0,2.0,,7.999988156370819e-06,B,1.0,False,0.0,2.0,23.103482182962576,6.200003554113209e-06
312,3,1.7458623877952602,119.88334891935254,0.5269684576404232,A,19,A,0.6,True,0.6,0.24500000000000002,1.355774269324711,0.0035764000058406964,A,1.0,True,1.0,0.0,1.2297779880452449,6.299989763647318e-06,A,1.0,True,1.0,0.0,1.7739468270824532,3.500012098811567e-06
313,4,3.5230347531114323,192.38087432910052,0.8338239361016765,C,32,C,0.8,True,0.8,0.05499999999999998,0.19478444144601198,0.003379700006917119,no_landing_within_horizon,1.0,False,0.0,2.0,,4.599991370923817e-06,C,1.0,True,1.0,0.0,0.8942998903580586,3.4999975468963385e-06
314,4,5.542225842622712,36.29174252386146,0.37835578472826725,B,37,C,0.6,False,0.35,0.785,24.64310790148224,0.003042800002731383,no_landing_within_horizon,1.0,False,0.0,2.0,,4.4000043999403715e-06,C,1.0,False,0.0,2.0,25.53647574103948,3.7999998312443495e-06
315,5,11.611329320793358,195.09464637400745,0.3734135975084606,A,25,C,0.55,False,0.35,0.7300000000000001,17.57138429287147,0.005132999998750165,no_landing_within_horizon,1.0,False,0.0,2.0,,5.699999746866524e-06,A,1.0,True,1.0,0.0,2.839709980325476,4.399989848025143e-06
316,3,2.8767045941791833,347.8559934276906,0.6583439312757368,B,40,C,0.6,False,0.35,0.785,25.00433796703648,0.003559699995093979,no_landing_within_horizon,1.0,False,0.0,2.0,,4.5000051613897085e-06,C,1.0,False,0.0,2.0,24.276132674945796,3.9000005926936865e-06
317,3,3.468278030401819,302.3316930115092,0.6182413335331524,C,23,C,0.8,True,0.8,0.059999999999999984,1.1059533962509651,0.004678600002080202,C,1.0,True,1.0,0.0,3.963003829555186,1.340000017080456e-05,C,1.0,True,1.0,0.0,1.1956258572863612,9.2999980552122e-06
318,3,7.169214523488938,98.17410952764862,0.8077945743051763,C,25,C,0.8,True,0.8,0.06499999999999997,0.531187673614933,0.0047691999934613705,C,1.0,True,1.0,0.0,4.588542696251783,8.500006515532732e-06,A,1.0,False,0.0,2.0,17.329432093584533,5.599998985417187e-06
319,6,11.217565513495822,317.0405510733911,0.6237918525540508,no_landing_within_horizon,,A,0.65,False,0.35,0.8450000000000001,,0.005621200005407445,no_landing_within_horizon,1.0,True,1.0,0.0,,5.900001269765198e-06,A,1.0,False,0.0,2.0,,5.1000097300857306e-06
320,4,6.499543438263403,345.884793077858,0.26830600076413585,B,27,B,0.95,True,0.95,0.0050000000000000044,0.5267679573668569,0.002730599997448735,no_landing_within_horizon,1.0,False,0.0,2.0,,4.699992132373154e-06,B,1.0,True,1.0,0.0,2.558117130822887,3.4999975468963385e-06
321,4,10.70459452580014,324.4101899846866,0.24555086757187555,C,22,C,1.0,True,1.0,0.0,0.3976193111460184,0.0023163000005297363,no_landing_within_horizon,1.0,False,0.0,2.0,,4.3000036384910345e-06,C,1.0,True,1.0,0.0,2.8151652520113606,3.9000005926936865e-06
322,3,9.75635648129573,239.46755255671766,0.521294292219967,A,19,A,0.4,True,0.4,0.525,1.153384405282981,0.004138400006922893,no_landing_within_horizon,1.0,False,0.0,2.0,,4.299989086575806e-06,A,1.0,True,1.0,0.0,1.2418165967313692,3.4999975468963385e-06
323,6,1.408338942606401,37.368603620551745,0.5468349277249865,E,25,B,0.4,False,0.2,0.9250000000000002,25.844049147182762,0.0033971999946516007,B,1.0,False,0.0,2.0,22.77831321178396,6.400005077011883e-06,C,1.0,False,0.0,2.0,25.27812659619145,4.2000028770416975e-06
324,4,0.6297809775918259,99.2491285374472,0.6014872046551073,B,19,B,0.6,True,0.6,0.22500000000000003,1.1159989219793383,0.003569900000002235,no_landing_within_horizon,1.0,False,0.0,2.0,,4.4000043999403715e-06,B,1.0,True,1.0,0.0,1.5386262031777225,3.5999983083456755e-06
325,3,1.4292239467991354,7.287050088500444,0.27584006535898253,B,27,B,0.75,True,0.75,0.095,1.3196828492862374,0.0034946000087074935,B,1.0,True,1.0,0.0,2.9608769710074703,5.199995939619839e-06,B,1.0,True,1.0,0.0,0.07189332166449698,3.2999960239976645e-06
326,3,7.875047140157479,224.67923919086198,0.3051723141353733,A,51,A,0.65,True,0.65,0.24499999999999997,0.5944065500572263,0.003704600007040426,C,1.0,False,0.0,2.0,18.550954011924738,5.3000112529844046e-06,A,1.0,True,1.0,0.0,1.846640059128659,3.3999967854470015e-06
327,4,11.103626934784607,358.796926462232,0.8230413415264318,A,21,A,0.6,True,0.6,0.22500000000000003,0.6215232586625508,0.0036509000055957586,no_landing_within_horizon,1.0,False,0.0,2.0,,4.2000028770416975e-06,A,1.0,True,1.0,0.0,2.5054120888571663,3.5999983083456755e-06
328,4,8.038855827559992,327.16973103776223,0.9993012364109957,A,20,A,0.6,True,0.6,0.23500000000000004,0.6030745173723563,0.0036373999901115894,C,1.0,False,0.0,2.0,21.091650248938112,5.900001269765198e-06,A,1.0,True,1.0,0.0,1.7940958590980054,3.4999975468963385e-06
329,5,8.630533292180028,343.15103608801036,0.508417443069917,B,42,E,0.6,False,0.0,1.4849999999999999,43.52687683022955,0.006258399997022934,C,1.0,False,0.0,2.0,31.08446171533563,1.3700002455152571e-05,A,1.0,False,0.0,2.0,64.28690108379683,8.899995009414852e-06
330,5,5.931776768690662,85.54085148544203,0.6699002991553068,C,56,B,0.9,False,0.0,1.815,31.708236438024926,0.004479299997910857,no_landing_within_horizon,1.0,False,0.0,2.0,,6.400005077011883e-06,B,1.0,False,0.0,2.0,29.901964364830807,4.999994416721165e-06
331,3,3.1512426906750144,3.0899180607687793,0.8066752099853554,C,47,A,0.65,False,0.1,1.2750000000000001,32.76097853533175,0.006131500005722046,A,1.0,False,0.0,2.0,36.12769363351231,1.440000778529793e-05,B,1.0,False,0.0,2.0,48.221233209139676,9.000010322779417e-06
332,4,10.069441985427034,349.72182806125466,0.8626410304273443,B,54,C,0.65,False,0.05,1.415,23.37182721169086,0.007982499999343418,no_landing_within_horizon,1.0,False,0.0,2.0,,7.099995855242014e-06,C,1.0,False,0.0,2.0,24.214277985773812,6.000002031214535e-06
333,4,4.193318459860551,291.11612283285064,0.5395977688614837,D,20,D,0.95,True,0.95,0.0050000000000000044,0.5176084585719152,0.005479999992530793,D,1.0,True,1.0,0.0,1.93791569904004,2.400000812485814e-05,D,1.0,True,1.0,0.0,1.0662172445280789,1.3600001693703234e-05
334,5,5.174300929367419,157.69832202255637,0.7593338205309981,A,22,A,0.8,True,0.8,0.05499999999999998,0.623929938348592,0.011868899993714876,no_landing_within_horizon,1.0,False,0.0,2.0,,1.4599994756281376e-05,A,1.0,True,1.0,0.0,1.5579466566133708,1.0200004908256233e-05
335,3,7.937745690981535,96.84330700902643,0.8880600075270805,A,35,A,0.45,True,0.45,0.42500000000000004,1.1757196628537805,0.009105100005399436,no_landing_within_horizon,1.0,False,0.0,2.0,,7.599999662488699e-06,A,1.0,True,1.0,0.0,2.7970267395184245,5.800000508315861e-06
336,4,0.5817584808988054,269.9706596601758,0.6405395152473342,no_landing_within_horizon,,D,0.65,False,0.1,1.2650000000000001,,0.005890699991141446,no_landing_within_horizon,1.0,True,1.0,0.0,,1.2999997125007212e-05,C,1.0,False,0.0,2.0,,1.0599993402138352e-05
337,4,0.4695141550252915,100.546071728066,0.27221257280152533,A,22,A,1.0,True,1.0,0.0,0.21210998873054174,0.004790200007846579,A,1.0,True,1.0,0.0,2.7445215744701166,7.299997378140688e-06,A,1.0,True,1.0,0.0,0.5871009822482991,4.299989086575806e-06
338,5,5.024709246755778,126.70178709126307,0.724015764996744,D,55,B,0.3,False,0.15,0.9649999999999999,21.531102598997172,0.0051297000027261674,no_landing_within_horizon,1.0,False,0.0,2.0,,6.999995093792677e-06,C,1.0,False,0.0,2.0,46.584730817646594,5.399997462518513e-06
339,3,10.04946063534349,326.4437468903432,0.46449434701389225,C,26,C,0.65,True,0.65,0.19499999999999998,0.6098586774616354,0.008468599990010262,no_landing_within_horizon,1.0,False,0.0,2.0,,1.1199997970834374e-05,C,1.0,True,1.0,0.0,2.792228378665365,9.499999578110874e-06
340,3,4.99407581908639,256.1488999558082,0.9865828211630933,A,29,A,0.8,True,0.8,0.07999999999999999,0.8588025626047253,0.004637199992430396,A,1.0,True,1.0,0.0,3.8126301813177927,8.600007276982069e-06,A,1.0,True,1.0,0.0,2.293420547527881,5.2000104915350676e-06
341,6,4.99179226058502,153.18143299610222,0.9729516166384848,A,25,A,0.55,True,0.55,0.29,1.1928217388004332,0.006028799994965084,no_landing_within_horizon,1.0,False,0.0,2.0,,7.299997378140688e-06,A,1.0,True,1.0,0.0,2.5589715266491124,5.699999746866524e-06
342,6,11.285558948949646,268.1145706690353,0.3166388534978161,D,39,E,0.4,False,0.25,0.785,35.868004482211276,0.006329299998469651,no_landing_within_horizon,1.0,False,0.0,2.0,,1.5999990864656866e-05,E,1.0,False,0.0,2.0,38.021705741127434,6.89999433234334e-06
343,3,8.103916428379858,252.86051870037858,0.734537541109747,C,39,C,0.6,True,0.6,0.28500000000000003,0.8181620652061203,0.004680300000472926,A,1.0,False,0.0,2.0,33.66843867022383,6.499991286545992e-06,C,1.0,True,1.0,0.0,2.2652252394355217,4.6000059228390455e-06
344,3,5.17648740613536,248.60115151983453,0.969713712451624,no_landing_within_horizon,,B,0.8,False,0.1,1.455,,0.010402300002169795,no_landing_within_horizon,1.0,True,1.0,0.0,,1.1600001016631722e-05,B,1.0,False,0.0,2.0,,9.2999980552122e-06
345,4,5.401928938769832,218.33748051181456,0.7281618214982775,D,36,D,0.65,True,0.65,0.155,0.611176946468824,0.009009200002765283,no_landing_within_horizon,1.0,False,0.0,2.0,,2.130000211764127e-05,A,1.0,False,0.0,2.0,26.643993583797883,1.579998934175819e-05
346,5,2.8592927275292466,107.36598066363216,0.22106614073596886,A,19,A,0.85,True,0.85,0.03500000000000001,0.09806993206343756,0.011648300001979806,no_landing_within_horizon,1.0,False,0.0,2.0,,1.3299999409355223e-05,A,1.0,True,1.0,0.0,1.2509840690326879,9.900002623908222e-06
347,5,4.7880291657472505,181.62959601874863,0.5238119286026871,A,26,A,0.8,True,0.8,0.05499999999999998,1.005139989496522,0.01343510000151582,no_landing_within_horizon,1.0,False,0.0,2.0,,1.4999997802078724e-05,C,1.0,False,0.0,2.0,26.421740261502865,1.0499992640689015e-05
348,3,4.328732584789137,341.64084663383903,0.653345323295548,A,27,A,0.65,True,0.65,0.24499999999999997,0.798161388604064,0.006518499998492189,no_landing_within_horizon,1.0,False,0.0,2.0,,1.2999997125007212e-05,A,1.0,True,1.0,0.0,2.158390697058921,1.1199997970834374e-05
349,6,3.719866486228791,29.778940332960936,0.7911803070048623,B,15,B,0.7,True,0.7,0.13500000000000004,3.719351603423314,0.007932599997729994,C,1.0,False,0.0,2.0,21.38868217824734,1.930000144056976e-05,B,1.0,True,1.0,0.0,2.3999907920041497,9.99998883344233e-06
350,4,2.0052417741335087,87.77507631436065,0.4039431387168977,C,14,C,0.7,True,0.7,0.135,0.7936500302665912,0.007917299997643568,C,1.0,True,1.0,0.0,2.5385027013263444,1.0399991879239678e-05,C,1.0,True,1.0,0.0,0.46510105528966195,6.000002031214535e-06
351,5,8.070079459483987,347.10474058019145,0.32370053227980133,B,32,B,0.7,True,0.7,0.12500000000000003,0.5126884359231612,0.007960799994179979,B,1.0,True,1.0,0.0,4.586392149487544,1.85999961104244e-05,B,1.0,True,1.0,0.0,2.233081622599648,9.900002623908222e-06
352,4,8.663217527099574,313.9494466318094,0.9194319728352159,A,38,A,0.5,True,0.5,0.345,0.5449444465420691,0.008660399995278567,no_landing_within_horizon,1.0,False,0.0,2.0,,1.309999788645655e-05,A,1.0,True,1.0,0.0,1.982575997567698,9.60000033956021e-06
353,3,5.886101462196401,105.30160371884443,0.33458737330675614,B,26,B,1.0,True,1.0,0.0,0.7994656105706831,0.004740100004710257,B,1.0,True,1.0,0.0,4.718223591376494,1.7600003047846258e-05,B,1.0,True,1.0,0.0,1.9079788243424207,1.0399991879239678e-05
354,5,10.776522094498977,16.74066769209029,0.25483731993743575,E,30,E,0.5,True,0.5,0.345,0.9148015118007728,0.005132399994181469,no_landing_within_horizon,1.0,False,0.0,2.0,,8.799994247965515e-06,E,1.0,True,1.0,0.0,2.9145492474956454,6.50000583846122e-06
355,4,11.56062242859744,237.77646412746552,0.11114002398991629,no_landing_within_horizon,,A,0.55,False,0.25,0.905,,0.004589000003761612,B,1.0,False,0.0,2.0,,8.999995770864189e-06,A,1.0,False,0.0,2.0,,6.000002031214535e-06
356,3,9.151365798949387,70.60418551039976,0.36252683095150995,C,56,B,0.6,False,0.0,1.4849999999999999,45.508850394780794,0.005817400000523776,no_landing_within_horizon,1.0,False,0.0,2.0,,7.50001345295459e-06,B,1.0,False,0.0,2.0,47.106403675296406,6.300004315562546e-06
357,5,4.5223271166996355,359.81249310769186,0.16474456077524152,C,15,C,0.85,True,0.85,0.03500000000000001,0.19734171289533647,0.004534699997748248,C,1.0,True,1.0,0.0,3.357529481440207,1.1500000255182385e-05,C,1.0,True,1.0,0.0,0.8484505128987039,6.400005077011883e-06
358,5,11.245394945458,285.27532734175395,0.7786319828170815,no_landing_within_horizon,,A,0.45,False,0.25,0.83,,0.004913900003884919,no_landing_within_horizon,1.0,True,1.0,0.0,,7.90000194683671e-06,C,1.0,False,0.0,2.0,,6.400005077011883e-06
359,4,8.27644158012208,204.4532276216715,0.10991017198718966,D,47,D,0.7,True,0.7,0.135,0.35275687462993754,0.004081399994902313,D,1.0,True,1.0,0.0,2.9509589374142378,7.599999662488699e-06,D,1.0,True,1.0,0.0,2.41173496836246,5.49999822396785e-06
360,6,5.141719927564041,117.88404802802134,0.640139941614997,D,16,D,0.6,True,0.6,0.23000000000000004,1.25513687612523,0.004153800007770769,no_landing_within_horizon,1.0,False,0.0,2.0,,7.499998901039362e-06,D,1.0,True,1.0,0.0,2.415046341473868,5.699999746866524e-06
361,5,2.656925382552453,228.8099364944313,0.3351020155614777,E,57,C,1.0,False,0.0,2.0,64.29664339966915,0.004593399993609637,C,1.0,False,0.0,2.0,62.64326978381729,1.030000566970557e-05,C,1.0,False,0.0,2.0,64.97500219702253,6.599992047995329e-06
362,5,2.053434010321421,211.41170280475382,0.25177708596381987,D,19,D,0.6,True,0.6,0.255,0.7544671543051272,0.005722400004742667,no_landing_within_horizon,1.0,False,0.0,2.0,,8.200004231184721e-06,D,1.0,True,1.0,0.0,1.0057237153887315,6.300004315562546e-06
363,3,0.7697326790452697,260.47563972097095,0.8508422018810193,A,21,A,0.95,True,0.95,0.0050000000000000044,0.22502329487235084,0.00328770000487566,no_landing_within_horizon,1.0,False,0.0,2.0,,4.699992132373154e-06,A,1.0,True,1.0,0.0,0.5043546213100876,3.7999998312443495e-06
364,5,8.393121614477886,117.47871527664803,0.14029241521850036,C,34,E,1.0,False,0.0,2.0,22.88190085824142,0.00324620000901632,E,1.0,False,0.0,2.0,25.081567410653342,8.999995770864189e-06,E,1.0,False,0.0,2.0,23.343097299371045,5.299996701069176e-06
365,3,4.402888373754925,107.23376013672251,0.5496539496513357,B,23,B,0.9,True,0.9,0.014999999999999996,0.645662977918712,0.0035640999994939193,B,1.0,True,1.0,0.0,3.812163946644746,7.700000423938036e-06,B,1.0,True,1.0,0.0,1.1099844647402983,4.799992893822491e-06
366,3,10.524030704880627,141.352593214072,0.5352211411999805,B,42,B,0.7,True,0.7,0.18000000000000002,0.5313009671599974,0.004551700010779314,no_landing_within_horizon,1.0,False,0.0,2.0,,6.300004315562546e-06,B,1.0,True,1.0,0.0,2.583608853294065,5.900001269765198e-06
367,5,8.706456229255608,263.95448272418656,0.5235537284901115,C,59,C,0.5,True,0.5,0.41500000000000004,1.3228723665069355,0.004561400011880323,C,1.0,True,1.0,0.0,4.579689814282589,7.800001185387373e-06,C,1.0,True,1.0,0.0,2.779886200570984,4.8000074457377195e-06
368,6,4.205959937177674,288.5954492213908,0.5295043664143593,A,38,E,0.3,False,0.25,0.735,14.753541262452652,0.0065657999948598444,no_landing_within_horizon,1.0,False,0.0,2.0,,1.239999255631119e-05,C,1.0,False,0.0,2.0,32.60112544652446,7.700000423938036e-06
369,6,0.9041026151938918,48.230770022139986,0.9654910091363966,E,23,E,0.65,True,0.65,0.155,1.4723753055447204,0.00434700000914745,no_landing_within_horizon,1.0,False,0.0,2.0,,8.799994247965515e-06,E,1.0,True,1.0,0.0,1.5844660716965535,6.799993570894003e-06
370,4,0.38554138499113755,326.5687453653857,0.49800999219233044,C,25,C,1.0,True,1.0,0.0,0.6360558347020097,0.0032041000085882843,no_landing_within_horizon,1.0,False,0.0,2.0,,6.700007361359894e-06,C,1.0,True,1.0,0.0,0.42256168362931773,5.900001269765198e-06
371,6,2.4780074372871197,7.271041113079493,0.5573122293576936,D,32,A,0.65,False,0.3,0.9149999999999999,16.18021241640725,0.003417200001422316,A,1.0,False,0.0,2.0,18.97860769503828,7.599999662488699e-06,A,1.0,False,0.0,2.0,16.02488578019592,4.599991370923817e-06
372,5,5.981725342014194,263.5370908382384,0.5571147474937234,A,20,A,0.95,True,0.95,0.0050000000000000044,0.45455189054984985,0.0033524000027682632,no_landing_within_horizon,1.0,False,0.0,2.0,,6.000002031214535e-06,A,1.0,True,1.0,0.0,1.8236608742011027,5.099995178170502e-06
373,5,2.6151793060511133,195.6379715269605,0.42752132943780086,C,54,C,0.55,True,0.55,0.26999999999999996,0.9155235192686202,0.003577600000426173,C,1.0,True,1.0,0.0,1.8244909492152994,5.599998985417187e-06,B,1.0,False,0.0,2.0,60.307582941750375,3.2999960239976645e-06
374,6,3.102574876085216,270.29329911800284,0.41186113574269334,no_landing_within_horizon,,E,0.8,False,0.05,1.5650000000000002,,0.003963499999372289,E,1.0,False,0.0,2.0,,8.59999272506684e-06,E,1.0,False,0.0,2.0,,5.49999822396785e-06
375,4,3.7193900270103946,300.9612928556871,0.3673973126644312,C,37,C,0.55,True,0.55,0.285,0.5829375567539626,0.009100600000238046,no_landing_within_horizon,1.0,False,0.0,2.0,,8.59999272506684e-06,D,1.0,False,0.0,2.0,68.88843430687514,6.700007361359894e-06
376,4,8.5027407439812,206.3895112448006,0.12642292681293224,D,26,D,0.6,True,0.6,0.24500000000000002,0.8364691281598852,0.007049599997117184,A,1.0,False,0.0,2.0,17.56031192212308,1.1299998732283711e-05,D,1.0,True,1.0,0.0,2.7663801366361764,6.999995093792677e-06
377,6,11.674790447240033,284.8804244061961,0.5671651928977751,A,60,D,0.55,False,0.0,1.3800000000000001,37.939341074124755,0.009810299990931526,no_landing_within_horizon,1.0,False,0.0,2.0,,1.2900010915473104e-05,D,1.0,False,0.0,2.0,39.43703932932036,9.60000033956021e-06
378,5,4.856024106312408,40.3745263343186,0.7088885028601144,B,41,E,0.35,False,0.25,0.785,35.15610835396283,0.00906080000277143,E,1.0,False,0.0,2.0,37.67381008570778,1.1500000255182385e-05,B,1.0,True,1.0,0.0,1.7660022145959469,6.800008122809231e-06
379,5,7.5766141950302055,180.86104603236828,0.8369137324551408,E,29,E,1.0,True,1.0,0.0,1.3439415703527322,0.004903900000499561,no_landing_within_horizon,1.0,False,0.0,2.0,,1.0000003385357559e-05,E,1.0,True,1.0,0.0,2.263156220186833,6.999995093792677e-06
380,5,4.8924231740238024,242.29023246366918,0.7155346627694651,E,27,E,0.7,True,0.7,0.12500000000000003,0.4948431443057954,0.011619999990216456,E,1.0,True,1.0,0.0,3.0271189170585484,2.0399995264597237e-05,E,1.0,True,1.0,0.0,1.4681807832907494,1.1500000255182385e-05
381,6,3.2614993632042477,41.188541861077255,0.7961090889817188,C,17,C,0.8,True,0.8,0.059999999999999984,0.8237786850789216,0.0090630000049714,C,1.0,True,1.0,0.0,3.74099768778209,1.3600001693703234e-05,C,1.0,True,1.0,0.0,0.8145479799616822,7.800001185387373e-06
382,3,10.901023000708745,186.0802487121478,0.7069361126729181,C,25,C,0.85,True,0.85,0.045000000000000005,1.563530803298266,0.012896099986392073,no_landing_within_horizon,1.0,False,0.0,2.0,,9.199997293762863e-06,C,1.0,True,1.0,0.0,2.5807279979019206,7.000009645707905e-06
383,4,7.376273545622729,165.9614853678141,0.9770358073081002,C,23,C,0.5,True,0.5,0.455,1.3000234784932803,0.009139500005403534,no_landing_within_horizon,1.0,False,0.0,2.0,,1.610000617802143e-05,D,1.0,False,0.0,2.0,28.123796729929964,1.1000010999850929e-05
384,3,5.635595171261926,8.839591236402669,0.9507710973103313,C,33,C,0.5,True,0.5,0.36,1.3576415662267716,0.009143700008280575,C,1.0,True,1.0,0.0,3.5760004249738038,1.550000160932541e-05,C,1.0,True,1.0,0.0,1.084801469322334,3.819999983534217e-05
385,6,10.341019113721181,101.40197500781359,0.7222911727888685,F,23,F,0.5,True,0.5,0.385,1.6839237094274389,0.005342199990991503,F,1.0,True,1.0,0.0,5.799710564499241,1.750000228639692e-05,F,1.0,True,1.0,0.0,2.862646258048282,1.030000566970557e-05
386,4,6.558028439384621,133.09630001726006,0.8602662144580183,C,14,C,0.8,True,0.8,0.07999999999999999,1.677949579578664,0.005648599995765835,C,1.0,True,1.0,0.0,3.560567809426691,1.750000228639692e-05,C,1.0,True,1.0,0.0,1.6918591630030528,9.499999578110874e-06
387,4,11.511033084269016,259.3840818346592,0.2677434403250216,no_landing_within_horizon,,no_landing_within_horizon,0.8,True,0.8,0.059999999999999984,,0.008372299998882227,no_landing_within_horizon,1.0,True,1.0,0.0,,1.2899996363557875e-05,B,1.0,False,0.0,2.0,,8.399991202168167e-06
388,4,5.639335039504538,356.7862473548792,0.44500605514455205,B,19,B,0.65,True,0.65,0.21499999999999997,1.0950108308617899,0.006349699993734248,B,1.0,True,1.0,0.0,0.9726065647321506,1.3600001693703234e-05,B,1.0,True,1.0,0.0,2.180753375968142,7.299997378140688e-06
389,3,6.57146913793855,209.04844474410183,0.24301781215966142,B,32,C,0.65,False,0.15,1.17,27.306110537494213,0.006867100004456006,no_landing_within_horizon,1.0,False,0.0,2.0,,9.700001101009548e-06,A,1.0,False,0.0,2.0,18.784601971170655,7.200011168606579e-06
390,5,10.141972547556222,285.09685402466886,0.8722523908797893,E,39,D,0.65,False,0.0,1.49,32.71936902778769,0.012618599997949786,no_landing_within_horizon,1.0,False,0.0,2.0,,1.6099991626106203e-05,D,1.0,False,0.0,2.0,35.1242411839317,1.1500000255182385e-05
391,3,2.7360081391646567,326.45710802673034,0.27923041882352995,C,17,C,0.85,True,0.85,0.03500000000000001,1.162053342083059,0.010841099996468984,C,1.0,True,1.0,0.0,2.288479465028461,1.4599994756281376e-05,C,1.0,True,1.0,0.0,0.7121056332618615,8.500006515532732e-06
392,6,10.555762513590933,72.26825305128443,0.6757169410610017,A,42,A,0.75,True,0.75,0.095,1.152922613983914,0.006914199999300763,no_landing_within_horizon,1.0,False,0.0,2.0,,2.339998900424689e-05,B,1.0,False,0.0,2.0,24.74867294942626,3.309999010525644e-05
393,5,4.20414920005228,350.79919557480724,0.6359240551858918,A,54,C,0.65,False,0.15,1.165,15.055351528805412,0.008111100003588945,no_landing_within_horizon,1.0,False,0.0,2.0,,9.199997293762863e-06,C,1.0,False,0.0,2.0,13.424333267948576,6.699992809444666e-06
394,4,7.575452617125725,332.3121218610285,0.9688509658768194,C,28,C,0.8,True,0.8,0.06499999999999997,1.0659425986919977,0.004211999999824911,C,1.0,True,1.0,0.0,4.029759777163754,5.800000508315861e-06,C,1.0,True,1.0,0.0,2.616546976340942,3.5999983083456755e-06
395,4,6.703649246000696,56.44916974369672,0.533937843544302,A,26,D,0.9,False,0.1,1.62,30.732623188465585,0.003615399997215718,no_landing_within_horizon,1.0,False,0.0,2.0,,1.200000406242907e-05,D,1.0,False,0.0,2.0,30.845936853565686,9.000010322779417e-06
396,5,6.455591189155033,192.48609253189514,0.5839008606586482,E,19,E,0.6,True,0.6,0.255,0.952096526123985,0.005999200002406724,no_landing_within_horizon,1.0,False,0.0,2.0,,8.500006515532732e-06,E,1.0,True,1.0,0.0,1.4572713687874563,6.299989763647318e-06
397,6,6.428208393020094,165.33575727439873,0.1729706774519439,D,21,D,0.8,True,0.8,0.059999999999999984,0.5002146949757003,0.006149199994979426,no_landing_within_horizon,1.0,False,0.0,2.0,,1.2800010154023767e-05,D,1.0,True,1.0,0.0,2.1111581874155396,1.0400006431154907e-05
398,6,5.600389412637536,101.38647036281287,0.21703294393993455,D,24,D,0.65,True,0.65,0.16499999999999998,1.0173890057743873,0.005366199999116361,A,1.0,False,0.0,2.0,13.941154656718146,1.0099989594891667e-05,D,1.0,True,1.0,0.0,1.326456810659644,6.50000583846122e-06
399,6,3.092093696947151,107.45543262890386,0.6342996427136471,B,37,F,0.6,False,0.1,1.205,24.052374787449477,0.00373139999283012,F,1.0,False,0.0,2.0,24.52201977774733,6.600006599910557e-06,E,1.0,False,0.0,2.0,30.900822199145335,4.2000028770416975e-06
400,6,2.8572126269864375,50.87182757661489,0.4788102155307905,E,25,E,0.5,True,0.5,0.335,1.6357876921810168,0.004329200004576705,no_landing_within_horizon,1.0,False,0.0,2.0,,1.4000004739500582e-05,E,1.0,True,1.0,0.0,1.7899525476210634,1.1299998732283711e-05
401,4,2.34172500599217,321.30781283021383,0.14056803974126159,D,54,C,0.5,False,0.35,0.6950000000000001,24.616234377011054,0.005711599995265715,C,1.0,False,0.0,2.0,27.538834433043696,9.700001101009548e-06,C,1.0,False,0.0,2.0,24.553131343551453,5.800000508315861e-06
402,5,2.5744494445800252,85.0045823641093,0.4715483755237807,D,30,D,0.55,True,0.55,0.27499999999999997,0.943654087104851,0.005377200010116212,D,1.0,True,1.0,0.0,3.9154435878441247,1.0700008715502918e-05,A,1.0,False,0.0,2.0,37.69468569227232,6.499991286545992e-06
403,5,0.9570002464341849,251.65944115683476,0.6076875202089734,A,27,A,0.75,True,0.75,0.09,2.482540990449306,0.004176100002950989,A,1.0,True,1.0,0.0,5.046248560528737,6.799993570894003e-06,A,1.0,True,1.0,0.0,2.4736413238689003,4.5000051613897085e-06
404,6,10.663072694843432,206.7132282617261,0.9174439603052968,A,42,A,0.6,True,0.6,0.24500000000000002,0.7343057033935514,0.004544399998849258,A,1.0,True,1.0,0.0,4.641370247351788,9.2999980552122e-06,A,1.0,True,1.0,0.0,2.1166767612326813,5.699999746866524e-06
405,4,0.7846152788398775,183.90659238693544,0.6944324633474097,C,17,C,0.75,True,0.75,0.08,2.1375896334648643,0.003950699989218265,C,1.0,True,1.0,0.0,1.9262536931548853,7.399998139590025e-06,C,1.0,True,1.0,0.0,2.5195920637523384,4.1000021155923605e-06
406,6,2.1370812589572514,70.71676779398332,0.7573302257743669,E,18,E,0.5,True,0.5,0.315,1.5330377465835858,0.0041228000045521185,E,1.0,True,1.0,0.0,2.1415563131180204,7.100010407157242e-06,E,1.0,True,1.0,0.0,1.5121449036208114,4.599991370923817e-06
407,3,8.816773650791312,341.0415340177906,0.9498511885467577,B,25,B,0.75,True,0.75,0.125,1.3225542476377243,0.004294700003811158,no_landing_within_horizon,1.0,False,0.0,2.0,,4.6000059228390455e-06,B,1.0,True,1.0,0.0,1.1315225390803032,4.0000013541430235e-06
408,4,0.20832196693849125,36.21170943765804,0.6327673306599918,no_landing_within_horizon,,A,0.45,False,0.2,0.9350000000000002,,0.004825199997867458,no_landing_within_horizon,1.0,True,1.0,0.0,,6.799993570894003e-06,C,1.0,False,0.0,2.0,,5.099995178170502e-06
409,3,9.551973844820647,204.81602581616914,0.513445732031517,B,17,B,1.0,True,1.0,0.0,1.2907211984100428,0.003345899996929802,no_landing_within_horizon,1.0,False,0.0,2.0,,4.899993655271828e-06,B,1.0,True,1.0,0.0,2.7724311275699285,4.1000021155923605e-06
410,4,1.3759152974599544,214.4971125470577,0.21504167186469994,no_landing_within_horizon,,B,0.8,False,0.0,1.665,,0.0027621999906841666,B,1.0,False,0.0,2.0,,5.800000508315861e-06,B,1.0,False,0.0,2.0,,3.6999990697950125e-06
411,3,0.1879749258000709,292.34623251826923,0.15493012631208705,B,34,B,0.95,True,0.95,0.0050000000000000044,1.33829356839988,0.003640599999926053,B,1.0,True,1.0,0.0,3.414155700823013,5.800000508315861e-06,B,1.0,True,1.0,0.0,0.4866617240241756,3.2999960239976645e-06
412,6,2.445191795260833,112.08316788903358,0.8674885823571128,A,38,D,0.45,False,0.1,1.0750000000000002,13.424052028064912,0.007133299994166009,no_landing_within_horizon,1.0,False,0.0,2.0,,9.2999980552122e-06,C,1.0,False,0.0,2.0,41.06079473147454,6.599992047995329e-06
413,4,7.832626499576717,212.71435951254526,0.635751062285327,B,15,B,0.8,True,0.8,0.07999999999999999,1.468662748641949,0.00585970000247471,B,1.0,True,1.0,0.0,2.7940855338837998,8.29999044071883e-06,B,1.0,True,1.0,0.0,1.8551328924918178,5.099995178170502e-06
414,6,2.20610199699516,73.90957041125498,0.5070352632355872,A,23,A,0.55,True,0.55,0.365,1.4463194333166616,0.005459399995743297,no_landing_within_horizon,1.0,False,0.0,2.0,,8.59999272506684e-06,A,1.0,True,1.0,0.0,1.2260451386410829,6.100002792663872e-06
415,4,9.517567918166801,334.20609416538895,0.292878267185704,B,41,B,0.65,True,0.65,0.18999999999999997,0.3999216565337321,0.00429509999230504,no_landing_within_horizon,1.0,False,0.0,2.0,,6.000002031214535e-06,B,1.0,True,1.0,0.0,2.9274587731702186,4.49999060947448e-06
416,5,4.693463687589125,141.2521058155908,0.600548866099182,A,48,D,0.8,False,0.1,1.455,26.055122074062997,0.004146299994317815,D,1.0,False,0.0,2.0,27.53645677818301,6.999995093792677e-06,C,1.0,False,0.0,2.0,17.10259945429513,4.5000051613897085e-06
417,3,3.9892628952510436,102.99087914652135,0.7465243131493318,B,42,A,0.55,False,0.35,0.7300000000000001,30.195412434178266,0.0059425000072224066,no_landing_within_horizon,1.0,False,0.0,2.0,,6.400005077011883e-06,A,1.0,False,0.0,2.0,30.394297365070695,5.099995178170502e-06
418,5,9.701373615943378,275.08620011419305,0.46732803964079905,D,33,D,0.8,True,0.8,0.05499999999999998,0.6608959573953967,0.004100299993297085,A,1.0,False,0.0,2.0,16.72960256437907,7.599999662488699e-06,D,1.0,True,1.0,0.0,2.8397170814000603,4.7000066842883825e-06
419,6,6.968338740175597,311.32065971283254,0.8757959511088949,B,17,B,0.45,True,0.45,0.41500000000000004,0.9016683763860722,0.004786000004969537,B,1.0,True,1.0,0.0,3.0143758425090676,9.400013368576765e-06,B,1.0,True,1.0,0.0,2.4129491037352238,6.300004315562546e-06
420,5,2.853685452057401,116.64762546928347,0.7895421116391821,D,19,D,0.85,True,0.85,0.045000000000000005,1.0534177971879928,0.00401879999844823,D,1.0,True,1.0,0.0,2.2375160510506706,8.59999272506684e-06,D,1.0,True,1.0,0.0,1.7254596813734817,5.599998985417187e-06
421,3,0.7976196780579299,152.00025708430655,0.45515807985998524,A,36,A,0.55,True,0.55,0.285,0.14190746525230757,0.005191100004594773,no_landing_within_horizon,1.0,False,0.0,2.0,,6.100002792663872e-06,C,1.0,False,0.0,2.0,28.286627126246216,5.299996701069176e-06
422,4,0.6818096815730068,78.24986808167182,0.9887674611892808,A,20,A,0.6,True,0.6,0.23500000000000004,1.5646657248549338,0.004225900003802963,A,1.0,True,1.0,0.0,1.7732386387068289,6.89999433234334e-06,A,1.0,True,1.0,0.0,1.4456506112359726,3.9000005926936865e-06
423,5,11.661378669703362,353.84346429236393,0.400724296234374,B,24,B,0.4,True,0.4,0.515,0.3816429949922951,0.004880300009972416,B,1.0,True,1.0,0.0,5.847786504793765,9.900002623908222e-06,C,1.0,False,0.0,2.0,19.621578543186043,5.699999746866524e-06
424,4,11.902068672913515,200.88372172058456,0.13021834766070325,no_landing_within_horizon,,A,0.8,False,0.2,1.2800000000000002,,0.0043224999972153455,no_landing_within_horizon,1.0,True,1.0,0.0,,6.299989763647318e-06,A,1.0,False,0.0,2.0,,4.8000074457377195e-06
425,3,0.6159116399289362,75.5198002274257,0.7360951350740861,B,19,B,0.8,True,0.8,0.07999999999999999,0.559192810921629,0.004264799994416535,B,1.0,True,1.0,0.0,3.3585215435869933,7.599999662488699e-06,B,1.0,True,1.0,0.0,0.40570461332969926,5.299996701069176e-06
426,3,2.7745492082114844,72.23703088007703,0.8614125882462672,no_landing_within_horizon,,B,0.45,False,0.05,1.25,,0.004296900006011128,no_landing_within_horizon,1.0,True,1.0,0.0,,4.899993655271828e-06,B,1.0,False,0.0,2.0,,4.1000021155923605e-06
427,6,9.162440347985086,242.6020755861424,0.6419488068469316,no_landing_within_horizon,,B,0.85,False,0.0,1.7349999999999999,,0.003970899997511879,no_landing_within_horizon,1.0,True,1.0,0.0,,5.900001269765198e-06,B,1.0,False,0.0,2.0,,4.7000066842883825e-06
428,4,8.337643346563727,298.4262175389163,0.8827378074098243,D,32,D,0.85,True,0.85,0.045000000000000005,1.3075336671071607,0.004565299997921102,D,1.0,True,1.0,0.0,5.406052330215876,8.600007276982069e-06,D,1.0,True,1.0,0.0,2.835019588905121,5.0000089686363935e-06
429,3,5.96261534000954,234.3099864479023,0.7376370805057599,A,53,A,0.7,True,0.7,0.135,1.2800557502385221,0.006462500008638017,no_landing_within_horizon,1.0,False,0.0,2.0,,6.300004315562546e-06,A,1.0,True,1.0,0.0,1.474920960067691,5.299996701069176e-06
430,3,11.249153459393309,298.0208369749883,0.8623287478155477,no_landing_within_horizon,,A,0.85,False,0.15,1.4449999999999998,,0.004272099991794676,no_landing_within_horizon,1.0,True,1.0,0.0,,4.8000074457377195e-06,A,1.0,False,0.0,2.0,,4.0000013541430235e-06
431,6,10.99918109457308,211.67894191586473,0.7986335340011231,no_landing_within_horizon,,no_landing_within_horizon,0.75,True,0.75,0.125,,0.00579299998935312,E,1.0,False,0.0,2.0,,8.000002708286047e-06,C,1.0,False,0.0,2.0,,5.199995939619839e-06
432,6,3.4043187889092805,62.41432330689435,0.8828271961881685,D,21,D,0.65,True,0.65,0.175,1.2596480216729726,0.0038327999936882406,no_landing_within_horizon,1.0,False,0.0,2.0,,5.800000508315861e-06,E,1.0,False,0.0,2.0,20.161873622659993,4.5000051613897085e-06
433,4,3.1063617070248655,212.71620605066335,0.9466530449158833,A,26,A,0.7,True,0.7,0.12500000000000003,2.077927678752246,0.00397069999598898,no_landing_within_horizon,1.0,False,0.0,2.0,,5.199995939619839e-06,A,1.0,True,1.0,0.0,2.7743167239470625,3.9000005926936865e-06
434,6,1.2392631930790676,288.3293829337771,0.11311093756859213,A,40,E,0.5,False,0.35,0.68,18.877729811643942,0.0039440999971702695,E,1.0,False,0.0,2.0,21.8894989810901,8.500006515532732e-06,E,1.0,False,0.0,2.0,19.006752101154994,4.899993655271828e-06
435,5,10.646687280831266,83.51016013476477,0.33371778944539,B,44,B,0.7,True,0.7,0.18000000000000002,0.8256319123173269,0.003717800005688332,no_landing_within_horizon,1.0,False,0.0,2.0,,4.49999060947448e-06,C,1.0,False,0.0,2.0,29.805736254200518,4.0000013541430235e-06
436,6,2.443189039501206,109.20136745392753,0.8473100703845149,A,28,A,0.5,True,0.5,0.335,1.8144645742141756,0.0042477000097278506,no_landing_within_horizon,1.0,False,0.0,2.0,,6.100002792663872e-06,A,1.0,True,1.0,0.0,2.417412956721088,5.399997462518513e-06
437,5,5.905766457865264,262.82151384758566,0.5409536935552117,A,16,A,0.65,True,0.65,0.175,0.8806256687005002,0.003962200004025362,no_landing_within_horizon,1.0,False,0.0,2.0,,5.89998671784997e-06,A,1.0,True,1.0,0.0,1.11027476934067,4.3000036384910345e-06
438,6,2.1665277786512265,338.0942799155084,0.8580998726554339,D,36,D,0.5,True,0.5,0.41500000000000004,0.746316499009547,0.005773499986389652,no_landing_within_horizon,1.0,False,0.0,2.0,,6.900008884258568e-06,D,1.0,True,1.0,0.0,1.233327119281065,6.000002031214535e-06
439,4,9.313099499643041,195.49088801195666,0.16175655751050858,D,57,no_landing_within_horizon,0.6,False,0.15,1.145,,0.005770299991127104,no_landing_within_horizon,1.0,False,0.0,2.0,,7.099995855242014e-06,B,1.0,False,0.0,2.0,20.239283232114825,5.699999746866524e-06
440,3,9.800607764216346,187.6421362935853,0.14412221798933528,A,15,A,0.95,True,0.95,0.0050000000000000044,0.18776578626345275,0.006079999991925433,no_landing_within_horizon,1.0,False,0.0,2.0,,9.499999578110874e-06,A,1.0,True,1.0,0.0,2.5663361162616463,8.500006515532732e-06
441,5,2.3352245485945304,347.17104670945184,0.46031478440556384,B,23,B,0.95,True,0.95,0.0050000000000000044,1.5816402843438546,0.005477099999552593,B,1.0,True,1.0,0.0,3.797757240702356,1.1600001016631722e-05,B,1.0,True,1.0,0.0,1.441902078220551,6.599992047995329e-06
442,5,5.789237211722488,335.55812032982624,0.22368123201882378,B,15,B,1.0,True,1.0,0.0,0.09877812789746152,0.002260799999930896,no_landing_within_horizon,1.0,False,0.0,2.0,,6.299989763647318e-06,B,1.0,True,1.0,0.0,1.6043674356874023,5.1000097300857306e-06
443,3,3.0018255098621798,352.98545862650667,0.21870207625037297,C,21,C,0.85,True,0.85,0.03500000000000001,1.9271196892749922,0.004070099996170029,no_landing_within_horizon,1.0,False,0.0,2.0,,4.799992893822491e-06,C,1.0,True,1.0,0.0,2.7186765602291576,4.3000036384910345e-06
444,5,8.224185085689072,106.88635220836935,0.3352963789912571,E,57,D,0.6,False,0.05,1.3299999999999998,42.06124102389275,0.006307499992544763,no_landing_within_horizon,1.0,False,0.0,2.0,,8.499991963617504e-06,A,1.0,False,0.0,2.0,56.95393502697904,6.900008884258568e-06
445,3,10.658879164438027,300.5449057411138,0.20613970905614498,no_landing_within_horizon,,no_landing_within_horizon,0.95,True,0.95,0.0050000000000000044,,0.005007100000511855,no_landing_within_horizon,1.0,True,1.0,0.0,,6.499991286545992e-06,B,1.0,False,0.0,2.0,,1.2900010915473104e-05
446,3,0.2795423641125292,355.21133798651925,0.7222621602827791,A,49,A,0.45,True,0.45,0.45,2.089857075896002,0.004478399991057813,no_landing_within_horizon,1.0,False,0.0,2.0,,5.399997462518513e-06,B,1.0,False,0.0,2.0,61.01745214292851,4.2000028770416975e-06
447,4,4.60926564275738,171.4689190330038,0.5987634284667793,no_landing_within_horizon,,A,0.6,False,0.3,0.8599999999999999,,0.007001900012255646,A,1.0,False,0.0,2.0,,0.00023180000425782055,B,1.0,False,0.0,2.0,,1.0500007192604244e-05
448,6,5.481774826880059,269.75227756648076,0.7311121269405492,A,19,A,0.9,True,0.9,0.019999999999999997,1.5042659733423926,0.004240800000843592,A,1.0,True,1.0,0.0,5.317888312860763,8.799994247965515e-06,A,1.0,True,1.0,0.0,2.3320012446277247,5.2000104915350676e-06
449,6,1.8225227224305955,347.7646526023625,0.4142418024545934,E,22,E,0.9,True,0.9,0.014999999999999996,0.8286377797731613,0.00671390000206884,E,1.0,True,1.0,0.0,2.5684002836290487,1.1200012522749603e-05,E,1.0,True,1.0,0.0,0.45541287051017726,6.400005077011883e-06
450,3,4.372640168118197,218.9047130951414,0.8159869842999645,C,20,C,0.95,True,0.95,0.0050000000000000044,2.0525816345374763,0.004227199999149889,C,1.0,True,1.0,0.0,2.3115375561479854,8.000002708286047e-06,C,1.0,True,1.0,0.0,2.5143653092195075,4.49999060947448e-06
451,5,11.280157295299283,234.33432875416452,0.9281874999331664,C,47,C,0.7,True,0.7,0.135,1.2289028855352395,0.004445600003236905,no_landing_within_horizon,1.0,False,0.0,2.0,,6.000002031214535e-06,C,1.0,True,1.0,0.0,2.854577137751863,5.599998985417187e-06
452,5,9.304785151907774,247.389770687597,0.259384978609132,E,37,B,0.95,False,0.0,1.905,29.663646602492467,0.0037680999957956374,no_landing_within_horizon,1.0,False,0.0,2.0,,6.099988240748644e-06,B,1.0,False,0.0,2.0,31.38403207402484,4.9000082071870565e-06
453,5,2.543043244755984,19.89305693577748,0.832484809750899,C,22,A,0.65,False,0.1,1.2750000000000001,19.840763344254874,0.005117900000186637,A,1.0,False,0.0,2.0,18.021485078906156,9.800001862458885e-06,C,1.0,True,1.0,0.0,1.0143275257468745,6.200003554113209e-06
454,4,7.568243533049456,338.92380504194756,0.3685320971114008,no_landing_within_horizon,,A,0.75,False,0.2,1.205,,0.00511009999900125,no_landing_within_horizon,1.0,True,1.0,0.0,,8.099988917820156e-06,A,1.0,False,0.0,2.0,,6.400005077011883e-06
455,5,0.9559425838397084,254.65989200952686,0.934377212385384,D,22,D,0.85,True,0.85,0.03500000000000001,1.8386988647373488,0.0035456000041449443,D,1.0,True,1.0,0.0,4.057801461635798,7.50001345295459e-06,D,1.0,True,1.0,0.0,1.6726869509901334,4.7000066842883825e-06
456,4,6.081967904529007,183.31438531082432,0.43833769811131784,C,25,C,0.95,True,0.95,0.0050000000000000044,1.1516957772195948,0.003955399995902553,no_landing_within_horizon,1.0,False,0.0,2.0,,5.099995178170502e-06,C,1.0,True,1.0,0.0,2.8722545505869608,4.4000043999403715e-06
457,4,2.6620766728199556,88.89098020694337,0.8821219220942427,D,19,D,0.75,True,0.75,0.10500000000000001,0.8715680011986742,0.0033691999997245148,no_landing_within_horizon,1.0,False,0.0,2.0,,4.49999060947448e-06,D,1.0,True,1.0,0.0,1.0752839799414171,3.9000005926936865e-06
458,4,3.3161572347427537,127.01358945832558,0.35459528476296387,A,30,A,0.8,True,0.8,0.059999999999999984,1.1071183816260144,0.0036259000044083223,A,1.0,True,1.0,0.0,3.318829110065446,7.700000423938036e-06,C,1.0,False,0.0,2.0,47.606442331742905,4.699992132373154e-06
459,4,1.1194846038890738,137.3595647990671,0.6133717888846916,no_landing_within_horizon,,C,0.55,False,0.05,1.27,,0.003909099992597476,C,1.0,False,0.0,2.0,,7.399998139590025e-06,A,1.0,False,0.0,2.0,,4.999994416721165e-06
460,3,8.172867289136331,253.0454691859045,0.18954726748413175,no_landing_within_horizon,,C,0.7,False,0.05,1.4549999999999998,,0.005259999990812503,no_landing_within_horizon,1.0,True,1.0,0.0,,8.100003469735384e-06,B,1.0,False,0.0,2.0,,6.100002792663872e-06
461,6,2.0147129630455076,67.28875306580045,0.6067102457488798,E,55,B,0.85,False,0.0,1.7349999999999999,36.1338273165743,0.00621310000133235,no_landing_within_horizon,1.0,False,0.0,2.0,,8.500006515532732e-06,B,1.0,False,0.0,2.0,34.64842453569709,6.099988240748644e-06
462,5,3.155679920854873,108.89543863842658,0.7171071475629593,no_landing_within_horizon,,A,0.55,False,0.05,1.29,,0.004087900000740774,no_landing_within_horizon,1.0,True,1.0,0.0,,5.800000508315861e-06,C,1.0,False,0.0,2.0,,4.3000036384910345e-06
463,5,11.404360137449672,219.58785515256807,0.8567928378202326,A,36,A,0.7,True,0.7,0.15500000000000003,0.40328927215834404,0.00824280000233557,no_landing_within_horizon,1.0,False,0.0,2.0,,8.799994247965515e-06,A,1.0,True,1.0,0.0,2.548038083095574,6.50000583846122e-06
464,3,2.7803914744801594,224.70472323542805,0.7149788418114783,A,30,A,0.8,True,0.8,0.06499999999999997,1.1470369771033138,0.0057382000086363405,A,1.0,True,1.0,0.0,1.833223637824731,8.399991202168167e-06,A,1.0,True,1.0,0.0,1.4708790377654224,5.299996701069176e-06
465,4,11.043510554799663,54.911247814151864,0.22648147771362193,A,49,A,0.95,True,0.95,0.0050000000000000044,0.16921910224020814,0.004046300004119985,no_landing_within_horizon,1.0,False,0.0,2.0,,5.199995939619839e-06,A,1.0,True,1.0,0.0,2.6202098897904578,4.5000051613897085e-06
466,5,7.4102344541056375,226.11644439298064,0.9746381608526699,A,27,A,0.55,True,0.55,0.33499999999999996,1.852913241110341,0.00742799999716226,no_landing_within_horizon,1.0,False,0.0,2.0,,7.90000194683671e-06,A,1.0,True,1.0,0.0,2.38572282938044,6.100002792663872e-06
467,3,5.155021847574412,177.10818220208154,0.3588366932238324,A,49,B,0.85,False,0.1,1.535,19.52281940657249,0.0055722999968566,A,1.0,True,1.0,0.0,2.217752462377191,8.899995009414852e-06,B,1.0,False,0.0,2.0,17.52163727678555,5.699999746866524e-06
468,3,2.022849123011489,185.25814680555644,0.18589168926531127,A,18,A,1.0,True,1.0,0.0,0.4535579027728831,0.002354399999603629,A,1.0,True,1.0,0.0,2.383397414851738,6.499991286545992e-06,A,1.0,True,1.0,0.0,0.6857308467887567,4.3000036384910345e-06
469,3,5.447977806452137,33.79872315741299,0.901844766963737,B,27,B,0.65,True,0.65,0.18999999999999997,1.136918685728408,0.006409199995687231,B,1.0,True,1.0,0.0,2.6352949105512895,1.4300007023848593e-05,B,1.0,True,1.0,0.0,2.532167061579425,8.099988917820156e-06
470,6,9.663464346005757,243.98495931271964,0.604437383265626,A,28,A,0.65,True,0.65,0.19499999999999998,2.2539724104065018,0.006238899994059466,A,1.0,True,1.0,0.0,3.0555975823594013,9.2999980552122e-06,A,1.0,True,1.0,0.0,0.32721654130480005,5.49999822396785e-06
471,4,11.55336184894065,347.1133666459843,0.414083153831622,no_landing_within_horizon,,no_landing_within_horizon,0.85,True,0.85,0.03500000000000001,,0.006245399999897927,no_landing_within_horizon,1.0,True,1.0,0.0,,7.399998139590025e-06,B,1.0,False,0.0,2.0,,5.599998985417187e-06
472,4,8.93911825429484,106.3208409038992,0.26394248089846495,C,30,C,0.8,True,0.8,0.059999999999999984,1.2481068109951756,0.005283299993607216,no_landing_within_horizon,1.0,False,0.0,2.0,,1.1399999493733048e-05,C,1.0,True,1.0,0.0,2.8645313430350017,9.399998816661537e-06
473,4,2.4160528230696148,254.54784177866014,0.1719853191258674,C,32,C,0.95,True,0.95,0.0050000000000000044,0.5196738754512665,0.006016300001647323,C,1.0,True,1.0,0.0,1.6254284890665578,1.09999964479357e-05,C,1.0,True,1.0,0.0,1.510909507368412,6.100002792663872e-06
474,4,3.0444624473196518,230.7465256448097,0.5781116890877284,C,41,A,0.45,False,0.35,0.645,16.207431184211487,0.0063233999971998855,A,1.0,False,0.0,2.0,17.890676931738955,8.499991963617504e-06,A,1.0,False,0.0,2.0,15.78740154576473,5.599998985417187e-06
475,4,10.618335667992998,224.45915680009264,0.9058864501814813,A,43,A,0.7,True,0.7,0.12500000000000003,0.6208357206335482,0.005043599987402558,no_landing_within_horizon,1.0,False,0.0,2.0,,5.800000508315861e-06,C,1.0,False,0.0,2.0,33.86133051361196,5.399997462518513e-06
476,6,11.983019786469491,17.890038846545437,0.6757168026178345,no_landing_within_horizon,,E,0.45,False,0.4,0.585,,0.0050069999997504056,no_landing_within_horizon,1.0,True,1.0,0.0,,7.399998139590025e-06,F,1.0,False,0.0,2.0,,6.399990525096655e-06
477,5,7.967278834676605,184.36997332146262,0.13639554060951278,C,36,E,0.8,False,0.15,1.365,31.162838114981863,0.005148399999598041,E,1.0,False,0.0,2.0,35.105963887839984,9.2999980552122e-06,E,1.0,False,0.0,2.0,33.29846232333017,5.800000508315861e-06
478,3,1.237377148864621,271.6814554976037,0.23977523853231844,A,34,A,0.5,True,0.5,0.375,0.71083992301045,0.0038572999910684302,A,1.0,True,1.0,0.0,3.5244812853613734,5.800000508315861e-06,C,1.0,False,0.0,2.0,22.229610398696508,3.5999983083456755e-06
479,5,8.222523511105168,112.58348575344101,0.21146079272572427,E,24,E,0.95,True,0.95,0.0050000000000000044,0.7725876947361381,0.004655299999285489,no_landing_within_horizon,1.0,False,0.0,2.0,,6.300004315562546e-06,E,1.0,True,1.0,0.0,2.6889535360235874,5.599998985417187e-06
480,6,1.3073045702268882,351.6888439151395,0.27527217946859656,A,35,C,0.45,False,0.4,0.57,21.63196987797199,0.006135899995570071,A,1.0,True,1.0,0.0,1.2388044568059904,9.700001101009548e-06,C,1.0,False,0.0,2.0,21.393565288978184,5.600013537332416e-06
481,5,3.4589607980227197,331.23444054666237,0.22318858251409435,D,32,D,0.5,True,0.5,0.345,1.0172121361184936,0.0047267000045394525,no_landing_within_horizon,1.0,False,0.0,2.0,,6.000002031214535e-06,B,1.0,False,0.0,2.0,29.772569180294173,4.5000051613897085e-06
482,3,0.40502652696926855,287.1868269785117,0.8610379653861161,B,25,B,0.8,True,0.8,0.059999999999999984,0.4516653088971853,0.0037982000067131594,B,1.0,True,1.0,0.0,2.331037882069665,6.299989763647318e-06,B,1.0,True,1.0,0.0,0.7860763568072779,3.7999998312443495e-06
483,3,2.475829418270909,56.04660556586636,0.5474996213897841,A,28,A,0.55,True,0.55,0.30499999999999994,2.002915246137121,0.0030455000087385997,C,1.0,False,0.0,2.0,27.59959525493598,4.49999060947448e-06,B,1.0,False,0.0,2.0,21.464940919878487,2.7000060072168708e-06
484,6,6.73737893638932,318.34027056471757,0.3528894587217132,A,25,A,0.85,True,0.85,0.03500000000000001,0.5367762282930654,0.00328619999345392,no_landing_within_horizon,1.0,False,0.0,2.0,,5.399997462518513e-06,A,1.0,True,1.0,0.0,2.534551443237514,4.5000051613897085e-06
485,6,2.476195802625422,80.55403008673873,0.24096097952382486,D,39,D,0.7,True,0.7,0.12500000000000003,0.571886078367817,0.0035823000071104616,no_landing_within_horizon,1.0,False,0.0,2.0,,5.0000089686363935e-06,B,1.0,False,0.0,2.0,28.682447990908297,4.0000013541430235e-06
486,4,1.8709086920670805,346.1190110480073,0.6412248190530627,D,19,D,0.7,True,0.7,0.14000000000000004,0.8058446784463791,0.00349290001031477,D,1.0,True,1.0,0.0,2.6464485095581463,5.800000508315861e-06,D,1.0,True,1.0,0.0,0.8277574389274395,3.6999990697950125e-06
487,5,1.6865499841253881,146.10715490246676,0.7238858226295362,C,37,B,0.4,False,0.3,0.695,16.764650509539166,0.0039468999893870205,no_landing_within_horizon,1.0,False,0.0,2.0,,5.099995178170502e-06,B,1.0,False,0.0,2.0,16.41626425157977,4.1000021155923605e-06
488,6,1.3710116516555533,323.7719253292323,0.10517791806739135,E,28,E,0.85,True,0.85,0.045000000000000005,0.42984644024761653,0.0029620999994222075,E,1.0,True,1.0,0.0,2.2250577734544303,6.50000583846122e-06,F,1.0,False,0.0,2.0,17.245998423684252,4.0000013541430235e-06
489,6,5.08805122537327,168.67876401921683,0.3641668620180931,A,28,A,0.6,True,0.6,0.21000000000000002,0.5859647645185154,0.0032330999965779483,no_landing_within_horizon,1.0,False,0.0,2.0,,4.299989086575806e-06,C,1.0,False,0.0,2.0,23.458852666505138,3.6999990697950125e-06
490,5,0.04014429927018304,288.1147218535103,0.7737852712431956,D,19,D,0.55,True,0.55,0.33499999999999996,1.7733463721632343,0.003453500001342036,no_landing_within_horizon,1.0,False,0.0,2.0,,5.49999822396785e-06,D,1.0,True,1.0,0.0,1.8784772158643173,4.6000059228390455e-06
491,4,6.8226194000370235,296.0966821461511,0.5465983836263306,B,28,B,0.9,True,0.9,0.019999999999999997,0.9778327490216733,0.003641899995272979,B,1.0,True,1.0,0.0,1.21554616641626,5.699999746866524e-06,B,1.0,True,1.0,0.0,2.9535969678980933,3.7999998312443495e-06
492,6,4.1189097509057335,147.13446000846884,0.15093368399557122,B,32,B,0.7,True,0.7,0.13500000000000004,1.217335367584416,0.0034641999955056235,B,1.0,True,1.0,0.0,0.6061865269188759,5.900001269765198e-06,B,1.0,True,1.0,0.0,2.3990817742250985,3.6999990697950125e-06
493,6,6.64953016356633,256.3124533853098,0.9493890601211142,E,41,E,0.45,True,0.45,0.44500000000000006,1.1719551171287959,0.0034918000019388273,no_landing_within_horizon,1.0,False,0.0,2.0,,4.6000059228390455e-06,E,1.0,True,1.0,0.0,2.6103453914973267,3.4999975468963385e-06
494,5,10.534137475882448,272.60700331184427,0.1620783400252184,E,46,no_landing_within_horizon,0.7,False,0.1,1.34,,0.0037160999927436933,no_landing_within_horizon,1.0,False,0.0,2.0,,6.200003554113209e-06,E,1.0,True,1.0,0.0,2.3056098757836367,4.999994416721165e-06
495,3,3.3502877534682187,63.901871867195965,0.545177358913554,B,25,B,0.6,True,0.6,0.28500000000000003,0.27507724133037603,0.002856100007193163,no_landing_within_horizon,1.0,False,0.0,2.0,,3.6999990697950125e-06,B,1.0,True,1.0,0.0,1.6255465180822957,3.40001133736223e-06
496,3,5.182651937490563,212.1883883480918,0.8681874692486283,B,35,B,0.95,True,0.95,0.0050000000000000044,0.9162690257146598,0.003323700002511032,no_landing_within_horizon,1.0,False,0.0,2.0,,3.7999998312443495e-06,B,1.0,True,1.0,0.0,2.460453222385533,2.9999937396496534e-06
497,3,4.6261260372477295,329.67774149021767,0.3653185050937451,B,23,B,0.85,True,0.85,0.045000000000000005,0.34968777157000697,0.0032743999909143895,B,1.0,True,1.0,0.0,2.667039106266172,6.699992809444666e-06,B,1.0,True,1.0,0.0,1.4097571672594715,4.9000082071870565e-06
498,4,4.662847622551249,15.196700954354112,0.9146524176627876,B,29,B,0.55,True,0.55,0.25999999999999995,1.8396345200556097,0.003819900011876598,B,1.0,True,1.0,0.0,2.695394680107688,5.4000120144337416e-06,C,1.0,False,0.0,2.0,25.76578958910411,3.3999967854470015e-06
499,6,6.748004598962973,183.7734414399802,0.3806007096840076,D,41,D,0.75,True,0.75,0.085,0.7173505762365326,0.0034410999942338094,D,1.0,True,1.0,0.0,1.2047490585111098,6.299989763647318e-06,B,1.0,False,0.0,2.0,46.17286864729964,3.9000005926936865e-06
